mId.x,mShortName.x,mId.y,mShortName.y
1,Aeugst am Albis,1,Aeugst am Albis
2,Affoltern am Albis,2,Affoltern am Albis
3,Bonstetten,3,Bonstetten
4,Hausen am Albis,4,Hausen am Albis
5,Hedingen,5,Hedingen
6,Kappel am Albis,6,Kappel am Albis
7,Knonau,7,Knonau
8,Maschwanden,8,Maschwanden
9,Mettmenstetten,9,Mettmenstetten
10,Obfelden,10,Obfelden
11,Ottenbach,11,Ottenbach
12,Rifferswil,12,Rifferswil
13,Stallikon,13,Stallikon
14,Wettswil am Albis,14,Wettswil am Albis
21,Adlikon,21,Adlikon
22,Benken (ZH),22,Benken (ZH)
23,Berg am Irchel,23,Berg am Irchel
24,Buch am Irchel,24,Buch am Irchel
25,Dachsen,25,Dachsen
26,Dorf,26,Dorf
27,Feuerthalen,27,Feuerthalen
28,Flaach,28,Flaach
29,Flurlingen,29,Flurlingen
30,Andelfingen,30,Andelfingen
31,Henggart,31,Henggart
32,Humlikon,32,Humlikon
33,Kleinandelfingen,33,Kleinandelfingen
34,Laufen-Uhwiesen,34,Laufen-Uhwiesen
35,Marthalen,35,Marthalen
36,Oberstammheim,36,Oberstammheim
37,Ossingen,37,Ossingen
38,Rheinau,38,Rheinau
39,Thalheim an der Thur,39,Thalheim an der Thur
40,Trüllikon,40,Trüllikon
41,Truttikon,41,Truttikon
42,Unterstammheim,42,Unterstammheim
43,Volken,43,Volken
44,Waltalingen,44,Waltalingen
51,Bachenbülach,51,Bachenbülach
52,Bassersdorf,52,Bassersdorf
53,Bülach,53,Bülach
54,Dietlikon,54,Dietlikon
55,Eglisau,55,Eglisau
56,Embrach,56,Embrach
57,Freienstein-Teufen,57,Freienstein-Teufen
58,Glattfelden,58,Glattfelden
59,Hochfelden,59,Hochfelden
60,Höri,60,Höri
61,Hüntwangen,61,Hüntwangen
62,Kloten,62,Kloten
63,Lufingen,63,Lufingen
64,Nürensdorf,64,Nürensdorf
65,Oberembrach,65,Oberembrach
66,Opfikon,66,Opfikon
67,Rafz,67,Rafz
68,Rorbas,68,Rorbas
69,Wallisellen,69,Wallisellen
70,Wasterkingen,70,Wasterkingen
71,Wil (ZH),71,Wil (ZH)
72,Winkel,72,Winkel
81,Bachs,81,Bachs
82,Boppelsen,82,Boppelsen
83,Buchs (ZH),83,Buchs (ZH)
84,Dällikon,84,Dällikon
85,Dänikon,85,Dänikon
86,Dielsdorf,86,Dielsdorf
87,Hüttikon,87,Hüttikon
88,Neerach,88,Neerach
89,Niederglatt,89,Niederglatt
90,Niederhasli,90,Niederhasli
91,Niederweningen,91,Niederweningen
92,Oberglatt,92,Oberglatt
93,Oberweningen,93,Oberweningen
94,Otelfingen,94,Otelfingen
95,Regensberg,95,Regensberg
96,Regensdorf,96,Regensdorf
97,Rümlang,97,Rümlang
98,Schleinikon,98,Schleinikon
99,Schöfflisdorf,99,Schöfflisdorf
100,Stadel,100,Stadel
101,Steinmaur,101,Steinmaur
102,Weiach,102,Weiach
111,Bäretswil,111,Bäretswil
112,Bubikon,112,Bubikon
113,Dürnten,113,Dürnten
114,Fischenthal,114,Fischenthal
115,Gossau (ZH),115,Gossau (ZH)
116,Grüningen,116,Grüningen
117,Hinwil,117,Hinwil
118,Rüti (ZH),118,Rüti (ZH)
119,Seegräben,119,Seegräben
120,Wald (ZH),120,Wald (ZH)
121,Wetzikon (ZH),121,Wetzikon (ZH)
131,Adliswil,131,Adliswil
132,Hirzel,132,Hirzel
133,Horgen,133,Horgen
134,Hütten,134,Hütten
135,Kilchberg (ZH),135,Kilchberg (ZH)
136,Langnau am Albis,136,Langnau am Albis
137,Oberrieden,137,Oberrieden
138,Richterswil,138,Richterswil
139,Rüschlikon,139,Rüschlikon
140,Schönenberg (ZH),140,Schönenberg (ZH)
141,Thalwil,141,Thalwil
142,Wädenswil,142,Wädenswil
151,Erlenbach (ZH),151,Erlenbach (ZH)
152,Herrliberg,152,Herrliberg
153,Hombrechtikon,153,Hombrechtikon
154,Küsnacht (ZH),154,Küsnacht (ZH)
155,Männedorf,155,Männedorf
156,Meilen,156,Meilen
157,Oetwil am See,157,Oetwil am See
158,Stäfa,158,Stäfa
159,Uetikon am See,159,Uetikon am See
160,Zumikon,160,Zumikon
161,Zollikon,161,Zollikon
171,Bauma,171,Bauma
172,Fehraltorf,172,Fehraltorf
173,Hittnau,173,Hittnau
174,Illnau-Effretikon,174,Illnau-Effretikon
175,Kyburg,175,Kyburg
176,Lindau,176,Lindau
177,Pfäffikon,177,Pfäffikon
178,Russikon,178,Russikon
179,Sternenberg,179,Sternenberg
180,Weisslingen,180,Weisslingen
181,Wila,181,Wila
182,Wildberg,182,Wildberg
191,Dübendorf,191,Dübendorf
192,Egg,192,Egg
193,Fällanden,193,Fällanden
194,Greifensee,194,Greifensee
195,Maur,195,Maur
196,Mönchaltorf,196,Mönchaltorf
197,Schwerzenbach,197,Schwerzenbach
198,Uster,198,Uster
199,Volketswil,199,Volketswil
200,Wangen-Brüttisellen,200,Wangen-Brüttisellen
211,Altikon,211,Altikon
212,Bertschikon,212,Bertschikon
213,Brütten,213,Brütten
214,Dägerlen,214,Dägerlen
215,Dättlikon,215,Dättlikon
216,Dinhard,216,Dinhard
217,Elgg,217,Elgg
218,Ellikon an der Thur,218,Ellikon an der Thur
219,Elsau,219,Elsau
220,Hagenbuch,220,Hagenbuch
221,Hettlingen,221,Hettlingen
222,Hofstetten (ZH),222,Hofstetten (ZH)
223,Neftenbach,223,Neftenbach
224,Pfungen,224,Pfungen
225,Rickenbach (ZH),225,Rickenbach (ZH)
226,Schlatt (ZH),226,Schlatt (ZH)
227,Seuzach,227,Seuzach
228,Turbenthal,228,Turbenthal
229,Wiesendangen,229,Wiesendangen
230,Winterthur,230,Winterthur
231,Zell (ZH),231,Zell (ZH)
241,Aesch (ZH),241,Aesch (ZH)
242,Birmensdorf (ZH),242,Birmensdorf (ZH)
243,Dietikon,243,Dietikon
244,Geroldswil,244,Geroldswil
245,Oberengstringen,245,Oberengstringen
246,Oetwil an der Limmat,246,Oetwil an der Limmat
247,Schlieren,247,Schlieren
248,Uitikon,248,Uitikon
249,Unterengstringen,249,Unterengstringen
250,Urdorf,250,Urdorf
251,Weiningen (ZH),251,Weiningen (ZH)
261,Zürich,261,Zürich
301,Aarberg,301,Aarberg
302,Bargen (BE),302,Bargen (BE)
303,Grossaffoltern,303,Grossaffoltern
304,Kallnach,304,Kallnach
305,Kappelen,305,Kappelen
306,Lyss,306,Lyss
307,Meikirch,307,Meikirch
309,Radelfingen,309,Radelfingen
310,Rapperswil (BE),310,Rapperswil (BE)
311,Schüpfen,311,Schüpfen
312,Seedorf (BE),312,Seedorf (BE)
321,Aarwangen,321,Aarwangen
322,Auswil,322,Auswil
323,Bannwil,323,Bannwil
324,Bleienbach,324,Bleienbach
325,Busswil bei Melchnau,325,Busswil bei Melchnau
326,Gondiswil,326,Gondiswil
329,Langenthal,329,Langenthal
331,Lotzwil,331,Lotzwil
332,Madiswil,332,Madiswil
333,Melchnau,333,Melchnau
334,Obersteckholz,334,Obersteckholz
335,Oeschenbach,335,Oeschenbach
336,Reisiswil,336,Reisiswil
337,Roggwil (BE),337,Roggwil (BE)
338,Rohrbach,338,Rohrbach
339,Rohrbachgraben,339,Rohrbachgraben
340,Rütschelen,340,Rütschelen
341,Schwarzhäusern,341,Schwarzhäusern
342,Thunstetten,342,Thunstetten
344,Ursenbach,344,Ursenbach
345,Wynau,345,Wynau
351,Bern,351,Bern
352,Bolligen,352,Bolligen
353,Bremgarten bei Bern,353,Bremgarten bei Bern
354,Kirchlindach,354,Kirchlindach
355,Köniz,355,Köniz
356,Muri bei Bern,356,Muri bei Bern
357,Oberbalm,357,Oberbalm
358,Stettlen,358,Stettlen
359,Vechigen,359,Vechigen
360,Wohlen bei Bern,360,Wohlen bei Bern
361,Zollikofen,361,Zollikofen
362,Ittigen,362,Ittigen
363,Ostermundigen,363,Ostermundigen
371,Biel/Bienne,371,Biel/Bienne
372,Evilard,372,Evilard
381,Arch,381,Arch
382,Büetigen,382,Büetigen
383,Büren an der Aare,383,Büren an der Aare
385,Diessbach bei Büren,385,Diessbach bei Büren
386,Dotzigen,386,Dotzigen
387,Lengnau (BE),387,Lengnau (BE)
388,Leuzigen,388,Leuzigen
389,Meienried,389,Meienried
390,Meinisberg,390,Meinisberg
391,Oberwil bei Büren,391,Oberwil bei Büren
392,Pieterlen,392,Pieterlen
393,Rüti bei Büren,393,Rüti bei Büren
394,Wengi,394,Wengi
401,Aefligen,401,Aefligen
402,Alchenstorf,402,Alchenstorf
403,Bäriswil,403,Bäriswil
404,Burgdorf,404,Burgdorf
405,Ersigen,405,Ersigen
406,Hasle bei Burgdorf,406,Hasle bei Burgdorf
407,Heimiswil,407,Heimiswil
408,Hellsau,408,Hellsau
409,Hindelbank,409,Hindelbank
410,Höchstetten,410,Höchstetten
411,Kernenried,411,Kernenried
412,Kirchberg (BE),412,Kirchberg (BE)
413,Koppigen,413,Koppigen
414,Krauchthal,414,Krauchthal
415,Lyssach,415,Lyssach
416,Mötschwil,416,Mötschwil
417,Niederösch,417,Niederösch
418,Oberburg,418,Oberburg
419,Oberösch,419,Oberösch
420,Rüdtligen-Alchenflüh,420,Rüdtligen-Alchenflüh
421,Rumendingen,421,Rumendingen
422,Rüti bei Lyssach,422,Rüti bei Lyssach
423,Willadingen,423,Willadingen
424,Wynigen,424,Wynigen
431,Corgémont,431,Corgémont
432,Cormoret,432,Cormoret
433,Cortébert,433,Cortébert
434,Courtelary,434,Courtelary
435,La Ferrière,435,La Ferrière
436,La Heutte,436,La Heutte
437,Mont-Tramelan,437,Mont-Tramelan
438,Orvin,438,Orvin
439,Péry,439,Péry
440,Plagne,440,Plagne
441,Renan (BE),441,Renan (BE)
442,Romont (BE),442,Romont (BE)
443,Saint-Imier,443,Saint-Imier
444,Sonceboz-Sombeval,444,Sonceboz-Sombeval
445,Sonvilier,445,Sonvilier
446,Tramelan,446,Tramelan
447,Vauffelin,447,Vauffelin
448,Villeret,448,Villeret
491,Brüttelen,491,Brüttelen
492,Erlach,492,Erlach
493,Finsterhennen,493,Finsterhennen
494,Gals,494,Gals
495,Gampelen,495,Gampelen
496,Ins,496,Ins
497,Lüscherz,497,Lüscherz
498,Müntschemier,498,Müntschemier
499,Siselen,499,Siselen
500,Treiten,500,Treiten
501,Tschugg,501,Tschugg
502,Vinelz,502,Vinelz
532,Bangerten,532,Bangerten
533,Bätterkinden,533,Bätterkinden
534,Büren zum Hof,534,Büren zum Hof
535,Deisswil b. Münchenbuch.,535,Deisswil b. Münchenbuch.
536,Diemerswil,536,Diemerswil
537,Etzelkofen,537,Etzelkofen
538,Fraubrunnen,538,Fraubrunnen
539,Grafenried,539,Grafenried
540,Jegenstorf,540,Jegenstorf
541,Iffwil,541,Iffwil
542,Limpach,542,Limpach
543,Mattstetten,543,Mattstetten
544,Moosseedorf,544,Moosseedorf
545,Mülchi,545,Mülchi
546,Münchenbuchsee,546,Münchenbuchsee
547,Münchringen,547,Münchringen
549,Schalunen,549,Schalunen
550,Scheunen,550,Scheunen
551,Urtenen-Schönbühl,551,Urtenen-Schönbühl
552,Utzenstorf,552,Utzenstorf
553,Wiggiswil,553,Wiggiswil
554,Wiler bei Utzenstorf,554,Wiler bei Utzenstorf
555,Zauggenried,555,Zauggenried
556,Zielebach,556,Zielebach
557,Zuzwil (BE),557,Zuzwil (BE)
561,Adelboden,561,Adelboden
562,Aeschi bei Spiez,562,Aeschi bei Spiez
563,Frutigen,563,Frutigen
564,Kandergrund,564,Kandergrund
565,Kandersteg,565,Kandersteg
566,Krattigen,566,Krattigen
567,Reichenbach im Kandertal,567,Reichenbach im Kandertal
571,Beatenberg,571,Beatenberg
572,Bönigen,572,Bönigen
573,Brienz (BE),573,Brienz (BE)
574,Brienzwiler,574,Brienzwiler
575,Därligen,575,Därligen
576,Grindelwald,576,Grindelwald
577,Gsteigwiler,577,Gsteigwiler
578,Gündlischwand,578,Gündlischwand
579,Habkern,579,Habkern
580,Hofstetten bei Brienz,580,Hofstetten bei Brienz
581,Interlaken,581,Interlaken
582,Iseltwald,582,Iseltwald
584,Lauterbrunnen,584,Lauterbrunnen
585,Leissigen,585,Leissigen
586,Lütschental,586,Lütschental
587,Matten bei Interlaken,587,Matten bei Interlaken
588,Niederried b. Interlaken,588,Niederried b. Interlaken
589,Oberried am Brienzersee,589,Oberried am Brienzersee
590,Ringgenberg (BE),590,Ringgenberg (BE)
591,Saxeten,591,Saxeten
592,Schwanden bei Brienz,592,Schwanden bei Brienz
593,Unterseen,593,Unterseen
594,Wilderswil,594,Wilderswil
602,Arni (BE),602,Arni (BE)
603,Biglen,603,Biglen
604,Bleiken b. Oberdiessbach,604,Bleiken b. Oberdiessbach
605,Bowil,605,Bowil
606,Brenzikofen,606,Brenzikofen
607,Freimettigen,607,Freimettigen
608,Grosshöchstetten,608,Grosshöchstetten
609,Häutligen,609,Häutligen
610,Herbligen,610,Herbligen
611,Kiesen,611,Kiesen
612,Konolfingen,612,Konolfingen
613,Landiswil,613,Landiswil
614,Linden,614,Linden
615,Mirchel,615,Mirchel
616,Münsingen,616,Münsingen
617,Niederhünigen,617,Niederhünigen
619,Oberdiessbach,619,Oberdiessbach
620,Oberthal,620,Oberthal
622,Oppligen,622,Oppligen
623,Rubigen,623,Rubigen
624,Schlosswil,624,Schlosswil
625,Tägertschi,625,Tägertschi
626,Walkringen,626,Walkringen
627,Worb,627,Worb
628,Zäziwil,628,Zäziwil
629,Oberhünigen,629,Oberhünigen
630,Allmendingen,630,Allmendingen
632,Wichtrach,632,Wichtrach
661,Clavaleyres,661,Clavaleyres
662,Ferenbalm,662,Ferenbalm
663,Frauenkappelen,663,Frauenkappelen
664,Golaten,664,Golaten
665,Gurbrü,665,Gurbrü
666,Kriechenwil,666,Kriechenwil
667,Laupen,667,Laupen
668,Mühleberg,668,Mühleberg
669,Münchenwiler,669,Münchenwiler
670,Neuenegg,670,Neuenegg
671,Wileroltigen,671,Wileroltigen
681,Belprahon,681,Belprahon
682,Bévilard,682,Bévilard
683,Champoz,683,Champoz
684,Châtelat,684,Châtelat
687,Corcelles (BE),687,Corcelles (BE)
690,Court,690,Court
691,Crémines,691,Crémines
692,Eschert,692,Eschert
694,Grandval,694,Grandval
696,Loveresse,696,Loveresse
697,Malleray,697,Malleray
699,Monible,699,Monible
700,Moutier,700,Moutier
701,Perrefitte,701,Perrefitte
702,Pontenet,702,Pontenet
703,Reconvilier,703,Reconvilier
704,Roches (BE),704,Roches (BE)
706,Saicourt,706,Saicourt
707,Saules (BE),707,Saules (BE)
708,Schelten,708,Schelten
709,Seehof,709,Seehof
710,Sornetan,710,Sornetan
711,Sorvilier,711,Sorvilier
712,Souboz,712,Souboz
713,Tavannes,713,Tavannes
715,Rebévelier,715,Rebévelier
721,Diesse,721,Diesse
722,Lamboing,722,Lamboing
723,La Neuveville,723,La Neuveville
724,Nods,724,Nods
725,Prêles,725,Prêles
731,Aegerten,731,Aegerten
732,Bellmund,732,Bellmund
733,Brügg,733,Brügg
734,Bühl,734,Bühl
735,Epsach,735,Epsach
736,Hagneck,736,Hagneck
737,Hermrigen,737,Hermrigen
738,Jens,738,Jens
739,Ipsach,739,Ipsach
740,Ligerz,740,Ligerz
741,Merzligen,741,Merzligen
742,Mörigen,742,Mörigen
743,Nidau,743,Nidau
744,Orpund,744,Orpund
745,Port,745,Port
746,Safnern,746,Safnern
747,Scheuren,747,Scheuren
748,Schwadernau,748,Schwadernau
749,Studen (BE),749,Studen (BE)
750,Sutz-Lattrigen,750,Sutz-Lattrigen
751,Täuffelen,751,Täuffelen
754,Walperswil,754,Walperswil
755,Worben,755,Worben
756,Twann-Tüscherz,756,Twann-Tüscherz
761,Därstetten,761,Därstetten
762,Diemtigen,762,Diemtigen
763,Erlenbach im Simmental,763,Erlenbach im Simmental
764,Niederstocken,764,Niederstocken
765,Oberstocken,765,Oberstocken
766,Oberwil im Simmental,766,Oberwil im Simmental
767,Reutigen,767,Reutigen
768,Spiez,768,Spiez
769,Wimmis,769,Wimmis
781,Gadmen,781,Gadmen
782,Guttannen,782,Guttannen
783,Hasliberg,783,Hasliberg
784,Innertkirchen,784,Innertkirchen
785,Meiringen,785,Meiringen
786,Schattenhalb,786,Schattenhalb
791,Boltigen,791,Boltigen
792,Lenk,792,Lenk
793,St. Stephan,793,St. Stephan
794,Zweisimmen,794,Zweisimmen
841,Gsteig,841,Gsteig
842,Lauenen,842,Lauenen
843,Saanen,843,Saanen
852,Guggisberg,852,Guggisberg
853,Rüschegg,853,Rüschegg
855,Schwarzenburg,855,Schwarzenburg
861,Belp,861,Belp
863,Burgistein,863,Burgistein
865,Gelterfingen,865,Gelterfingen
866,Gerzensee,866,Gerzensee
867,Gurzelen,867,Gurzelen
868,Jaberg,868,Jaberg
869,Kaufdorf,869,Kaufdorf
870,Kehrsatz,870,Kehrsatz
871,Kienersrüti,871,Kienersrüti
872,Kirchdorf (BE),872,Kirchdorf (BE)
873,Kirchenthurnen,873,Kirchenthurnen
874,Lohnstorf,874,Lohnstorf
875,Mühledorf (BE),875,Mühledorf (BE)
876,Mühlethurnen,876,Mühlethurnen
877,Niedermuhlern,877,Niedermuhlern
878,Noflen,878,Noflen
879,Riggisberg,879,Riggisberg
880,Rüeggisberg,880,Rüeggisberg
881,Rümligen,881,Rümligen
883,Seftigen,883,Seftigen
884,Toffen,884,Toffen
885,Uttigen,885,Uttigen
886,Wattenwil,886,Wattenwil
888,Wald (BE),888,Wald (BE)
901,Eggiwil,901,Eggiwil
902,Langnau im Emmental,902,Langnau im Emmental
903,Lauperswil,903,Lauperswil
904,Röthenbach im Emmental,904,Röthenbach im Emmental
905,Rüderswil,905,Rüderswil
906,Schangnau,906,Schangnau
907,Signau,907,Signau
908,Trub,908,Trub
909,Trubschachen,909,Trubschachen
921,Amsoldingen,921,Amsoldingen
922,Blumenstein,922,Blumenstein
923,Buchholterberg,923,Buchholterberg
924,Eriz,924,Eriz
925,Fahrni,925,Fahrni
927,Heiligenschwendi,927,Heiligenschwendi
928,Heimberg,928,Heimberg
929,Hilterfingen,929,Hilterfingen
930,Höfen,930,Höfen
931,Homberg,931,Homberg
932,Horrenbach-Buchen,932,Horrenbach-Buchen
934,Oberhofen am Thunersee,934,Oberhofen am Thunersee
935,Oberlangenegg,935,Oberlangenegg
936,Pohlern,936,Pohlern
937,Schwendibach,937,Schwendibach
938,Sigriswil,938,Sigriswil
939,Steffisburg,939,Steffisburg
940,Teuffenthal (BE),940,Teuffenthal (BE)
941,Thierachern,941,Thierachern
942,Thun,942,Thun
943,Uebeschi,943,Uebeschi
944,Uetendorf,944,Uetendorf
945,Unterlangenegg,945,Unterlangenegg
946,Wachseldorn,946,Wachseldorn
947,Zwieselberg,947,Zwieselberg
948,Forst-Längenbühl,948,Forst-Längenbühl
951,Affoltern im Emmental,951,Affoltern im Emmental
952,Dürrenroth,952,Dürrenroth
953,Eriswil,953,Eriswil
954,Huttwil,954,Huttwil
955,Lützelflüh,955,Lützelflüh
956,Rüegsau,956,Rüegsau
957,Sumiswald,957,Sumiswald
958,Trachselwald,958,Trachselwald
959,Walterswil (BE),959,Walterswil (BE)
960,Wyssachen,960,Wyssachen
971,Attiswil,971,Attiswil
972,Berken,972,Berken
973,Bettenhausen,973,Bettenhausen
975,Farnern,975,Farnern
976,Graben,976,Graben
977,Heimenhausen,977,Heimenhausen
978,Hermiswil,978,Hermiswil
979,Herzogenbuchsee,979,Herzogenbuchsee
980,Inkwil,980,Inkwil
981,Niederbipp,981,Niederbipp
982,Niederönz,982,Niederönz
983,Oberbipp,983,Oberbipp
985,Ochlenberg,985,Ochlenberg
987,Rumisberg,987,Rumisberg
988,Seeberg,988,Seeberg
989,Thörigen,989,Thörigen
990,Walliswil bei Niederbipp,990,Walliswil bei Niederbipp
991,Walliswil bei Wangen,991,Walliswil bei Wangen
992,Wangen an der Aare,992,Wangen an der Aare
993,Wangenried,993,Wangenried
995,Wiedlisbach,995,Wiedlisbach
996,Wolfisberg,996,Wolfisberg
1001,Doppleschwand,1001,Doppleschwand
1002,Entlebuch,1002,Entlebuch
1004,Flühli,1004,Flühli
1005,Hasle (LU),1005,Hasle (LU)
1007,Romoos,1007,Romoos
1008,Schüpfheim,1008,Schüpfheim
1009,Werthenstein,1009,Werthenstein
1010,Escholzmatt-Marbach,1010,Escholzmatt-Marbach
1021,Aesch (LU),1021,Aesch (LU)
1022,Altwis,1022,Altwis
1023,Ballwil,1023,Ballwil
1024,Emmen,1024,Emmen
1025,Ermensee,1025,Ermensee
1026,Eschenbach (LU),1026,Eschenbach (LU)
1030,Hitzkirch,1030,Hitzkirch
1031,Hochdorf,1031,Hochdorf
1032,Hohenrain,1032,Hohenrain
1033,Inwil,1033,Inwil
1037,Rain,1037,Rain
1039,Römerswil,1039,Römerswil
1040,Rothenburg,1040,Rothenburg
1041,Schongau,1041,Schongau
1051,Adligenswil,1051,Adligenswil
1052,Buchrain,1052,Buchrain
1053,Dierikon,1053,Dierikon
1054,Ebikon,1054,Ebikon
1055,Gisikon,1055,Gisikon
1056,Greppen,1056,Greppen
1057,Honau,1057,Honau
1058,Horw,1058,Horw
1059,Kriens,1059,Kriens
1061,Luzern,1061,Luzern
1062,Malters,1062,Malters
1063,Meggen,1063,Meggen
1064,Meierskappel,1064,Meierskappel
1065,Root,1065,Root
1066,Schwarzenberg,1066,Schwarzenberg
1067,Udligenswil,1067,Udligenswil
1068,Vitznau,1068,Vitznau
1069,Weggis,1069,Weggis
1081,Beromünster,1081,Beromünster
1082,Büron,1082,Büron
1083,Buttisholz,1083,Buttisholz
1084,Eich,1084,Eich
1085,Geuensee,1085,Geuensee
1086,Grosswangen,1086,Grosswangen
1088,Hildisrieden,1088,Hildisrieden
1089,Knutwil,1089,Knutwil
1091,Mauensee,1091,Mauensee
1093,Neuenkirch,1093,Neuenkirch
1094,Nottwil,1094,Nottwil
1095,Oberkirch,1095,Oberkirch
1097,Rickenbach (LU),1097,Rickenbach (LU)
1098,Ruswil,1098,Ruswil
1099,Schenkon,1099,Schenkon
1100,Schlierbach,1100,Schlierbach
1102,Sempach,1102,Sempach
1103,Sursee,1103,Sursee
1104,Triengen,1104,Triengen
1107,Wolhusen,1107,Wolhusen
1121,Alberswil,1121,Alberswil
1122,Altbüron,1122,Altbüron
1123,Altishofen,1123,Altishofen
1125,Dagmersellen,1125,Dagmersellen
1126,Ebersecken,1126,Ebersecken
1127,Egolzwil,1127,Egolzwil
1128,Ettiswil,1128,Ettiswil
1129,Fischbach,1129,Fischbach
1130,Gettnau,1130,Gettnau
1131,Grossdietwil,1131,Grossdietwil
1132,Hergiswil bei Willisau,1132,Hergiswil bei Willisau
1135,Luthern,1135,Luthern
1136,Menznau,1136,Menznau
1137,Nebikon,1137,Nebikon
1139,Pfaffnau,1139,Pfaffnau
1140,Reiden,1140,Reiden
1142,Roggliswil,1142,Roggliswil
1143,Schötz,1143,Schötz
1145,Ufhusen,1145,Ufhusen
1146,Wauwil,1146,Wauwil
1147,Wikon,1147,Wikon
1150,Zell (LU),1150,Zell (LU)
1151,Willisau,1151,Willisau
1201,Altdorf (UR),1201,Altdorf (UR)
1202,Andermatt,1202,Andermatt
1203,Attinghausen,1203,Attinghausen
1204,Bauen,1204,Bauen
1205,Bürglen (UR),1205,Bürglen (UR)
1206,Erstfeld,1206,Erstfeld
1207,Flüelen,1207,Flüelen
1208,Göschenen,1208,Göschenen
1209,Gurtnellen,1209,Gurtnellen
1210,Hospental,1210,Hospental
1211,Isenthal,1211,Isenthal
1212,Realp,1212,Realp
1213,Schattdorf,1213,Schattdorf
1214,Seedorf (UR),1214,Seedorf (UR)
1215,Seelisberg,1215,Seelisberg
1216,Silenen,1216,Silenen
1217,Sisikon,1217,Sisikon
1218,Spiringen,1218,Spiringen
1219,Unterschächen,1219,Unterschächen
1220,Wassen,1220,Wassen
1301,Einsiedeln,1301,Einsiedeln
1311,Gersau,1311,Gersau
1321,Feusisberg,1321,Feusisberg
1322,Freienbach,1322,Freienbach
1323,Wollerau,1323,Wollerau
1331,Küssnacht (SZ),1331,Küssnacht (SZ)
1341,Altendorf,1341,Altendorf
1342,Galgenen,1342,Galgenen
1343,Innerthal,1343,Innerthal
1344,Lachen,1344,Lachen
1345,Reichenburg,1345,Reichenburg
1346,Schübelbach,1346,Schübelbach
1347,Tuggen,1347,Tuggen
1348,Vorderthal,1348,Vorderthal
1349,Wangen (SZ),1349,Wangen (SZ)
1361,Alpthal,1361,Alpthal
1362,Arth,1362,Arth
1363,Illgau,1363,Illgau
1364,Ingenbohl,1364,Ingenbohl
1365,Lauerz,1365,Lauerz
1366,Morschach,1366,Morschach
1367,Muotathal,1367,Muotathal
1368,Oberiberg,1368,Oberiberg
1369,Riemenstalden,1369,Riemenstalden
1370,Rothenthurm,1370,Rothenthurm
1371,Sattel,1371,Sattel
1372,Schwyz,1372,Schwyz
1373,Steinen,1373,Steinen
1374,Steinerberg,1374,Steinerberg
1375,Unteriberg,1375,Unteriberg
1401,Alpnach,1401,Alpnach
1402,Engelberg,1402,Engelberg
1403,Giswil,1403,Giswil
1404,Kerns,1404,Kerns
1405,Lungern,1405,Lungern
1406,Sachseln,1406,Sachseln
1407,Sarnen,1407,Sarnen
1501,Beckenried,1501,Beckenried
1502,Buochs,1502,Buochs
1503,Dallenwil,1503,Dallenwil
1504,Emmetten,1504,Emmetten
1505,Ennetbürgen,1505,Ennetbürgen
1506,Ennetmoos,1506,Ennetmoos
1507,Hergiswil (NW),1507,Hergiswil (NW)
1508,Oberdorf (NW),1508,Oberdorf (NW)
1509,Stans,1509,Stans
1510,Stansstad,1510,Stansstad
1511,Wolfenschiessen,1511,Wolfenschiessen
1630,Glarus Nord,1630,Glarus Nord
1631,Glarus Süd,1631,Glarus Süd
1632,Glarus,1632,Glarus
1701,Baar,1701,Baar
1702,Cham,1702,Cham
1703,Hünenberg,1703,Hünenberg
1704,Menzingen,1704,Menzingen
1705,Neuheim,1705,Neuheim
1706,Oberägeri,1706,Oberägeri
1707,Risch,1707,Risch
1708,Steinhausen,1708,Steinhausen
1709,Unterägeri,1709,Unterägeri
1710,Walchwil,1710,Walchwil
1711,Zug,1711,Zug
2004,Bussy (FR),2004,Bussy (FR)
2005,Châbles,2005,Châbles
2008,Châtillon (FR),2008,Châtillon (FR)
2009,Cheiry,2009,Cheiry
2010,Cheyres,2010,Cheyres
2011,Cugy (FR),2011,Cugy (FR)
2013,Domdidier,2013,Domdidier
2014,Dompierre (FR),2014,Dompierre (FR)
2015,Estavayer-le-Lac,2015,Estavayer-le-Lac
2016,Fétigny,2016,Fétigny
2022,Gletterens,2022,Gletterens
2024,Léchelles,2024,Léchelles
2025,Lully (FR),2025,Lully (FR)
2027,Ménières,2027,Ménières
2029,Montagny (FR),2029,Montagny (FR)
2033,Morens (FR),2033,Morens (FR)
2034,Murist,2034,Murist
2035,Nuvilly,2035,Nuvilly
2038,Prévondavaux,2038,Prévondavaux
2039,Rueyres-les-Prés,2039,Rueyres-les-Prés
2040,Russy,2040,Russy
2041,Saint-Aubin (FR),2041,Saint-Aubin (FR)
2043,Sévaz,2043,Sévaz
2044,Surpierre,2044,Surpierre
2045,Vallon,2045,Vallon
2047,Villeneuve (FR),2047,Villeneuve (FR)
2049,Vuissens,2049,Vuissens
2050,Les Montets,2050,Les Montets
2051,Delley-Portalban,2051,Delley-Portalban
2052,Vernay,2052,Vernay
2061,Auboranges,2061,Auboranges
2063,Billens-Hennens,2063,Billens-Hennens
2066,Chapelle (Glâne),2066,Chapelle (Glâne)
2067,Le Châtelard,2067,Le Châtelard
2068,Châtonnaye,2068,Châtonnaye
2072,Ecublens (FR),2072,Ecublens (FR)
2079,Grangettes,2079,Grangettes
2086,Massonnens,2086,Massonnens
2087,Mézières (FR),2087,Mézières (FR)
2089,Montet (Glâne),2089,Montet (Glâne)
2096,Romont (FR),2096,Romont (FR)
2097,Rue,2097,Rue
2099,Siviriez,2099,Siviriez
2102,Ursy,2102,Ursy
2111,Villaz-Saint-Pierre,2111,Villaz-Saint-Pierre
2113,Vuisternens-dev-Romont,2113,Vuisternens-dev-Romont
2114,Villorsonnens,2114,Villorsonnens
2115,Torny,2115,Torny
2116,La Folliaz,2116,La Folliaz
2121,Haut-Intyamon,2121,Haut-Intyamon
2122,Pont-en-Ogoz,2122,Pont-en-Ogoz
2123,Botterens,2123,Botterens
2124,Broc,2124,Broc
2125,Bulle,2125,Bulle
2126,Cerniat (FR),2126,Cerniat (FR)
2127,Charmey,2127,Charmey
2128,Châtel-sur-Montsalvens,2128,Châtel-sur-Montsalvens
2129,Corbières,2129,Corbières
2130,Crésuz,2130,Crésuz
2131,Echarlens,2131,Echarlens
2134,Grandvillard,2134,Grandvillard
2135,Gruyères,2135,Gruyères
2137,Hauteville,2137,Hauteville
2138,Jaun,2138,Jaun
2140,Marsens,2140,Marsens
2143,Morlon,2143,Morlon
2145,Le Pâquier (FR),2145,Le Pâquier (FR)
2147,Pont-la-Ville,2147,Pont-la-Ville
2148,Riaz,2148,Riaz
2149,La Roche,2149,La Roche
2152,Sâles,2152,Sâles
2153,Sorens,2153,Sorens
2155,Vaulruz,2155,Vaulruz
2160,Vuadens,2160,Vuadens
2162,Bas-Intyamon,2162,Bas-Intyamon
2171,Arconciel,2171,Arconciel
2172,Autafond,2172,Autafond
2173,Autigny,2173,Autigny
2174,Avry,2174,Avry
2175,Belfaux,2175,Belfaux
2177,Chénens,2177,Chénens
2179,Chésopelloz,2179,Chésopelloz
2183,Corminboeuf,2183,Corminboeuf
2184,Corpataux-Magnedens,2184,Corpataux-Magnedens
2185,Corserey,2185,Corserey
2186,Cottens (FR),2186,Cottens (FR)
2189,Ependes (FR),2189,Ependes (FR)
2192,Farvagny,2192,Farvagny
2194,Ferpicloz,2194,Ferpicloz
2196,Fribourg,2196,Fribourg
2197,Givisiez,2197,Givisiez
2198,Granges-Paccot,2198,Granges-Paccot
2200,Grolley,2200,Grolley
2206,Marly,2206,Marly
2208,Matran,2208,Matran
2211,Neyruz (FR),2211,Neyruz (FR)
2213,Noréaz,2213,Noréaz
2216,Pierrafortscha,2216,Pierrafortscha
2217,Ponthaux,2217,Ponthaux
2220,Le Mouret,2220,Le Mouret
2221,Prez-vers-Noréaz,2221,Prez-vers-Noréaz
2222,Rossens (FR),2222,Rossens (FR)
2223,Le Glèbe,2223,Le Glèbe
2225,Senèdes,2225,Senèdes
2226,Treyvaux,2226,Treyvaux
2228,Villars-sur-Glâne,2228,Villars-sur-Glâne
2230,Villarsel-sur-Marly,2230,Villarsel-sur-Marly
2231,Vuisternens-en-Ogoz,2231,Vuisternens-en-Ogoz
2233,Hauterive (FR),2233,Hauterive (FR)
2234,La Brillaz,2234,La Brillaz
2235,La Sonnaz,2235,La Sonnaz
2243,Barberêche,2243,Barberêche
2250,Courgevaux,2250,Courgevaux
2251,Courlevon,2251,Courlevon
2254,Courtepin,2254,Courtepin
2257,Cressier (FR),2257,Cressier (FR)
2258,Fräschels,2258,Fräschels
2259,Galmiz,2259,Galmiz
2260,Gempenach,2260,Gempenach
2261,Greng,2261,Greng
2262,Gurmels,2262,Gurmels
2264,Jeuss,2264,Jeuss
2265,Kerzers,2265,Kerzers
2266,Kleinbösingen,2266,Kleinbösingen
2270,Lurtigen,2270,Lurtigen
2271,Meyriez,2271,Meyriez
2272,Misery-Courtion,2272,Misery-Courtion
2274,Muntelier,2274,Muntelier
2275,Murten,2275,Murten
2276,Ried bei Kerzers,2276,Ried bei Kerzers
2277,Salvenach,2277,Salvenach
2278,Ulmiz,2278,Ulmiz
2279,Villarepos,2279,Villarepos
2280,Bas-Vully,2280,Bas-Vully
2281,Haut-Vully,2281,Haut-Vully
2283,Wallenried,2283,Wallenried
2291,Alterswil,2291,Alterswil
2292,Brünisried,2292,Brünisried
2293,Düdingen,2293,Düdingen
2294,Giffers,2294,Giffers
2295,Bösingen,2295,Bösingen
2296,Heitenried,2296,Heitenried
2298,Oberschrot,2298,Oberschrot
2299,Plaffeien,2299,Plaffeien
2300,Plasselb,2300,Plasselb
2301,Rechthalten,2301,Rechthalten
2302,St. Antoni,2302,St. Antoni
2303,St. Silvester,2303,St. Silvester
2304,St. Ursen,2304,St. Ursen
2305,Schmitten (FR),2305,Schmitten (FR)
2306,Tafers,2306,Tafers
2307,Tentlingen,2307,Tentlingen
2308,Ueberstorf,2308,Ueberstorf
2309,Wünnewil-Flamatt,2309,Wünnewil-Flamatt
2310,Zumholz,2310,Zumholz
2321,Attalens,2321,Attalens
2323,Bossonnens,2323,Bossonnens
2325,Châtel-Saint-Denis,2325,Châtel-Saint-Denis
2328,Granges (Veveyse),2328,Granges (Veveyse)
2333,Remaufens,2333,Remaufens
2335,Saint-Martin (FR),2335,Saint-Martin (FR)
2336,Semsales,2336,Semsales
2337,Le Flon,2337,Le Flon
2338,La Verrerie,2338,La Verrerie
2391,Staatswald Galm,2391,Staatswald Galm
2401,Egerkingen,2401,Egerkingen
2402,Härkingen,2402,Härkingen
2403,Kestenholz,2403,Kestenholz
2404,Neuendorf,2404,Neuendorf
2405,Niederbuchsiten,2405,Niederbuchsiten
2406,Oberbuchsiten,2406,Oberbuchsiten
2407,Oensingen,2407,Oensingen
2408,Wolfwil,2408,Wolfwil
2421,Aedermannsdorf,2421,Aedermannsdorf
2422,Balsthal,2422,Balsthal
2423,Gänsbrunnen,2423,Gänsbrunnen
2424,Herbetswil,2424,Herbetswil
2425,Holderbank (SO),2425,Holderbank (SO)
2426,Laupersdorf,2426,Laupersdorf
2427,Matzendorf,2427,Matzendorf
2428,Mümliswil-Ramiswil,2428,Mümliswil-Ramiswil
2429,Welschenrohr,2429,Welschenrohr
2441,Aetigkofen,2441,Aetigkofen
2442,Aetingen,2442,Aetingen
2444,Bibern (SO),2444,Bibern (SO)
2445,Biezwil,2445,Biezwil
2446,Brügglen,2446,Brügglen
2449,Gossliwil,2449,Gossliwil
2450,Hessigkofen,2450,Hessigkofen
2452,Küttigkofen,2452,Küttigkofen
2453,Kyburg-Buchegg,2453,Kyburg-Buchegg
2455,Lüterkofen-Ichertswil,2455,Lüterkofen-Ichertswil
2456,Lüterswil-Gächliwil,2456,Lüterswil-Gächliwil
2457,Messen,2457,Messen
2458,Mühledorf (SO),2458,Mühledorf (SO)
2461,Schnottwil,2461,Schnottwil
2462,Tscheppach,2462,Tscheppach
2463,Unterramsern,2463,Unterramsern
2464,Lüsslingen-Nennigkofen,2464,Lüsslingen-Nennigkofen
2471,Bättwil,2471,Bättwil
2472,Büren (SO),2472,Büren (SO)
2473,Dornach,2473,Dornach
2474,Gempen,2474,Gempen
2475,Hochwald,2475,Hochwald
2476,Hofstetten-Flüh,2476,Hofstetten-Flüh
2477,Metzerlen-Mariastein,2477,Metzerlen-Mariastein
2478,Nuglar-St. Pantaleon,2478,Nuglar-St. Pantaleon
2479,Rodersdorf,2479,Rodersdorf
2480,Seewen,2480,Seewen
2481,Witterswil,2481,Witterswil
2491,Hauenstein-Ifenthal,2491,Hauenstein-Ifenthal
2492,Kienberg,2492,Kienberg
2493,Lostorf,2493,Lostorf
2495,Niedergösgen,2495,Niedergösgen
2497,Obergösgen,2497,Obergösgen
2498,Rohr (SO),2498,Rohr (SO)
2499,Stüsslingen,2499,Stüsslingen
2500,Trimbach,2500,Trimbach
2501,Winznau,2501,Winznau
2502,Wisen (SO),2502,Wisen (SO)
2503,Erlinsbach (SO),2503,Erlinsbach (SO)
2511,Aeschi (SO),2511,Aeschi (SO)
2513,Biberist,2513,Biberist
2514,Bolken,2514,Bolken
2516,Deitingen,2516,Deitingen
2517,Derendingen,2517,Derendingen
2518,Etziken,2518,Etziken
2519,Gerlafingen,2519,Gerlafingen
2520,Halten,2520,Halten
2523,Horriwil,2523,Horriwil
2524,Hüniken,2524,Hüniken
2525,Kriegstetten,2525,Kriegstetten
2526,Lohn-Ammannsegg,2526,Lohn-Ammannsegg
2527,Luterbach,2527,Luterbach
2528,Obergerlafingen,2528,Obergerlafingen
2529,Oekingen,2529,Oekingen
2530,Recherswil,2530,Recherswil
2532,Subingen,2532,Subingen
2534,Zuchwil,2534,Zuchwil
2535,Drei Höfe,2535,Drei Höfe
2541,Balm bei Günsberg,2541,Balm bei Günsberg
2542,Bellach,2542,Bellach
2543,Bettlach,2543,Bettlach
2544,Feldbrunnen-St. Niklaus,2544,Feldbrunnen-St. Niklaus
2545,Flumenthal,2545,Flumenthal
2546,Grenchen,2546,Grenchen
2547,Günsberg,2547,Günsberg
2548,Hubersdorf,2548,Hubersdorf
2549,Kammersrohr,2549,Kammersrohr
2550,Langendorf,2550,Langendorf
2551,Lommiswil,2551,Lommiswil
2553,Oberdorf (SO),2553,Oberdorf (SO)
2554,Riedholz,2554,Riedholz
2555,Rüttenen,2555,Rüttenen
2556,Selzach,2556,Selzach
2571,Boningen,2571,Boningen
2572,Däniken,2572,Däniken
2573,Dulliken,2573,Dulliken
2574,Eppenberg-Wöschnau,2574,Eppenberg-Wöschnau
2575,Fulenbach,2575,Fulenbach
2576,Gretzenbach,2576,Gretzenbach
2578,Gunzgen,2578,Gunzgen
2579,Hägendorf,2579,Hägendorf
2580,Kappel (SO),2580,Kappel (SO)
2581,Olten,2581,Olten
2582,Rickenbach (SO),2582,Rickenbach (SO)
2583,Schönenwerd,2583,Schönenwerd
2584,Starrkirch-Wil,2584,Starrkirch-Wil
2585,Walterswil (SO),2585,Walterswil (SO)
2586,Wangen bei Olten,2586,Wangen bei Olten
2601,Solothurn,2601,Solothurn
2611,Bärschwil,2611,Bärschwil
2612,Beinwil (SO),2612,Beinwil (SO)
2613,Breitenbach,2613,Breitenbach
2614,Büsserach,2614,Büsserach
2615,Erschwil,2615,Erschwil
2616,Fehren,2616,Fehren
2617,Grindel,2617,Grindel
2618,Himmelried,2618,Himmelried
2619,Kleinlützel,2619,Kleinlützel
2620,Meltingen,2620,Meltingen
2621,Nunningen,2621,Nunningen
2622,Zullwil,2622,Zullwil
2701,Basel,2701,Basel
2702,Bettingen,2702,Bettingen
2703,Riehen,2703,Riehen
2761,Aesch (BL),2761,Aesch (BL)
2762,Allschwil,2762,Allschwil
2763,Arlesheim,2763,Arlesheim
2764,Biel-Benken,2764,Biel-Benken
2765,Binningen,2765,Binningen
2766,Birsfelden,2766,Birsfelden
2767,Bottmingen,2767,Bottmingen
2768,Ettingen,2768,Ettingen
2769,Münchenstein,2769,Münchenstein
2770,Muttenz,2770,Muttenz
2771,Oberwil (BL),2771,Oberwil (BL)
2772,Pfeffingen,2772,Pfeffingen
2773,Reinach (BL),2773,Reinach (BL)
2774,Schönenbuch,2774,Schönenbuch
2775,Therwil,2775,Therwil
2781,Blauen,2781,Blauen
2782,Brislach,2782,Brislach
2783,Burg im Leimental,2783,Burg im Leimental
2784,Dittingen,2784,Dittingen
2785,Duggingen,2785,Duggingen
2786,Grellingen,2786,Grellingen
2787,Laufen,2787,Laufen
2788,Liesberg,2788,Liesberg
2789,Nenzlingen,2789,Nenzlingen
2790,Roggenburg,2790,Roggenburg
2791,Röschenz,2791,Röschenz
2792,Wahlen,2792,Wahlen
2793,Zwingen,2793,Zwingen
2821,Arisdorf,2821,Arisdorf
2822,Augst,2822,Augst
2823,Bubendorf,2823,Bubendorf
2824,Frenkendorf,2824,Frenkendorf
2825,Füllinsdorf,2825,Füllinsdorf
2826,Giebenach,2826,Giebenach
2827,Hersberg,2827,Hersberg
2828,Lausen,2828,Lausen
2829,Liestal,2829,Liestal
2830,Lupsingen,2830,Lupsingen
2831,Pratteln,2831,Pratteln
2832,Ramlinsburg,2832,Ramlinsburg
2833,Seltisberg,2833,Seltisberg
2834,Ziefen,2834,Ziefen
2841,Anwil,2841,Anwil
2842,Böckten,2842,Böckten
2843,Buckten,2843,Buckten
2844,Buus,2844,Buus
2845,Diepflingen,2845,Diepflingen
2846,Gelterkinden,2846,Gelterkinden
2847,Häfelfingen,2847,Häfelfingen
2848,Hemmiken,2848,Hemmiken
2849,Itingen,2849,Itingen
2850,Känerkinden,2850,Känerkinden
2851,Kilchberg (BL),2851,Kilchberg (BL)
2852,Läufelfingen,2852,Läufelfingen
2853,Maisprach,2853,Maisprach
2854,Nusshof,2854,Nusshof
2855,Oltingen,2855,Oltingen
2856,Ormalingen,2856,Ormalingen
2857,Rickenbach (BL),2857,Rickenbach (BL)
2858,Rothenfluh,2858,Rothenfluh
2859,Rümlingen,2859,Rümlingen
2860,Rünenberg,2860,Rünenberg
2861,Sissach,2861,Sissach
2862,Tecknau,2862,Tecknau
2863,Tenniken,2863,Tenniken
2864,Thürnen,2864,Thürnen
2865,Wenslingen,2865,Wenslingen
2866,Wintersingen,2866,Wintersingen
2867,Wittinsburg,2867,Wittinsburg
2868,Zeglingen,2868,Zeglingen
2869,Zunzgen,2869,Zunzgen
2881,Arboldswil,2881,Arboldswil
2882,Bennwil,2882,Bennwil
2883,Bretzwil,2883,Bretzwil
2884,Diegten,2884,Diegten
2885,Eptingen,2885,Eptingen
2886,Hölstein,2886,Hölstein
2887,Lampenberg,2887,Lampenberg
2888,Langenbruck,2888,Langenbruck
2889,Lauwil,2889,Lauwil
2890,Liedertswil,2890,Liedertswil
2891,Niederdorf,2891,Niederdorf
2892,Oberdorf (BL),2892,Oberdorf (BL)
2893,Reigoldswil,2893,Reigoldswil
2894,Titterten,2894,Titterten
2895,Waldenburg,2895,Waldenburg
2901,Gächlingen,2901,Gächlingen
2903,Löhningen,2903,Löhningen
2904,Neunkirch,2904,Neunkirch
2914,Büttenhardt,2914,Büttenhardt
2915,Dörflingen,2915,Dörflingen
2917,Lohn (SH),2917,Lohn (SH)
2919,Stetten (SH),2919,Stetten (SH)
2920,Thayngen,2920,Thayngen
2931,Bargen (SH),2931,Bargen (SH)
2932,Beringen,2932,Beringen
2933,Buchberg,2933,Buchberg
2936,Merishausen,2936,Merishausen
2937,Neuhausen am Rheinfall,2937,Neuhausen am Rheinfall
2938,Rüdlingen,2938,Rüdlingen
2939,Schaffhausen,2939,Schaffhausen
2951,Beggingen,2951,Beggingen
2952,Schleitheim,2952,Schleitheim
2953,Siblingen,2953,Siblingen
2961,Buch (SH),2961,Buch (SH)
2962,Hemishofen,2962,Hemishofen
2963,Ramsen,2963,Ramsen
2964,Stein am Rhein,2964,Stein am Rhein
2971,Hallau,2971,Hallau
2972,Oberhallau,2972,Oberhallau
2973,Trasadingen,2973,Trasadingen
2974,Wilchingen,2974,Wilchingen
3001,Herisau,3001,Herisau
3002,Hundwil,3002,Hundwil
3003,Schönengrund,3003,Schönengrund
3004,Schwellbrunn,3004,Schwellbrunn
3005,Stein (AR),3005,Stein (AR)
3006,Urnäsch,3006,Urnäsch
3007,Waldstatt,3007,Waldstatt
3021,Bühler,3021,Bühler
3022,Gais,3022,Gais
3023,Speicher,3023,Speicher
3024,Teufen (AR),3024,Teufen (AR)
3025,Trogen,3025,Trogen
3031,Grub (AR),3031,Grub (AR)
3032,Heiden,3032,Heiden
3033,Lutzenberg,3033,Lutzenberg
3034,Rehetobel,3034,Rehetobel
3035,Reute (AR),3035,Reute (AR)
3036,Wald (AR),3036,Wald (AR)
3037,Walzenhausen,3037,Walzenhausen
3038,Wolfhalden,3038,Wolfhalden
3101,Appenzell,3101,Appenzell
3102,Gonten,3102,Gonten
3103,Rüte,3103,Rüte
3104,Schlatt-Haslen,3104,Schlatt-Haslen
3105,Schwende,3105,Schwende
3111,Oberegg,3111,Oberegg
3201,Häggenschwil,3201,Häggenschwil
3202,Muolen,3202,Muolen
3203,St. Gallen,3203,St. Gallen
3204,Wittenbach,3204,Wittenbach
3211,Berg (SG),3211,Berg (SG)
3212,Eggersriet,3212,Eggersriet
3213,Goldach,3213,Goldach
3214,Mörschwil,3214,Mörschwil
3215,Rorschach,3215,Rorschach
3216,Rorschacherberg,3216,Rorschacherberg
3217,Steinach,3217,Steinach
3218,Tübach,3218,Tübach
3219,Untereggen,3219,Untereggen
3231,Au (SG),3231,Au (SG)
3232,Balgach,3232,Balgach
3233,Berneck,3233,Berneck
3234,Diepoldsau,3234,Diepoldsau
3235,Rheineck,3235,Rheineck
3236,St. Margrethen,3236,St. Margrethen
3237,Thal,3237,Thal
3238,Widnau,3238,Widnau
3251,Altstätten,3251,Altstätten
3252,Eichberg,3252,Eichberg
3253,Marbach (SG),3253,Marbach (SG)
3254,Oberriet (SG),3254,Oberriet (SG)
3255,Rebstein,3255,Rebstein
3256,Rüthi (SG),3256,Rüthi (SG)
3271,Buchs (SG),3271,Buchs (SG)
3272,Gams,3272,Gams
3273,Grabs,3273,Grabs
3274,Sennwald,3274,Sennwald
3275,Sevelen,3275,Sevelen
3276,Wartau,3276,Wartau
3291,Bad Ragaz,3291,Bad Ragaz
3292,Flums,3292,Flums
3293,Mels,3293,Mels
3294,Pfäfers,3294,Pfäfers
3295,Quarten,3295,Quarten
3296,Sargans,3296,Sargans
3297,Vilters-Wangs,3297,Vilters-Wangs
3298,Walenstadt,3298,Walenstadt
3311,Amden,3311,Amden
3312,Benken (SG),3312,Benken (SG)
3313,Kaltbrunn,3313,Kaltbrunn
3315,Schänis,3315,Schänis
3316,Weesen,3316,Weesen
3338,Schmerikon,3338,Schmerikon
3339,Uznach,3339,Uznach
3340,Rapperswil-Jona,3340,Rapperswil-Jona
3341,Gommiswald,3341,Gommiswald
3342,Eschenbach (SG),3342,Eschenbach (SG)
3352,Ebnat-Kappel,3352,Ebnat-Kappel
3359,Wildhaus-Alt St. Johann,3359,Wildhaus-Alt St. Johann
3360,Nesslau,3360,Nesslau
3372,Hemberg,3372,Hemberg
3374,Lichtensteig,3374,Lichtensteig
3375,Oberhelfenschwil,3375,Oberhelfenschwil
3378,Neckertal,3378,Neckertal
3379,Wattwil,3379,Wattwil
3392,Kirchberg (SG),3392,Kirchberg (SG)
3393,Lütisburg,3393,Lütisburg
3394,Mosnang,3394,Mosnang
3395,Bütschwil-Ganterschwil,3395,Bütschwil-Ganterschwil
3401,Degersheim,3401,Degersheim
3402,Flawil,3402,Flawil
3405,Jonschwil,3405,Jonschwil
3407,Oberuzwil,3407,Oberuzwil
3408,Uzwil,3408,Uzwil
3422,Niederbüren,3422,Niederbüren
3423,Niederhelfenschwil,3423,Niederhelfenschwil
3424,Oberbüren,3424,Oberbüren
3426,Zuzwil (SG),3426,Zuzwil (SG)
3427,Wil (SG),3427,Wil (SG)
3441,Andwil (SG),3441,Andwil (SG)
3442,Gaiserwald,3442,Gaiserwald
3443,Gossau (SG),3443,Gossau (SG)
3444,Waldkirch,3444,Waldkirch
3501,Alvaschein,3501,Alvaschein
3502,Mon,3502,Mon
3503,Mutten,3503,Mutten
3504,Stierva,3504,Stierva
3505,Tiefencastel,3505,Tiefencastel
3506,Vaz/Obervaz,3506,Vaz/Obervaz
3511,Alvaneu,3511,Alvaneu
3512,Brienz/Brinzauls,3512,Brienz/Brinzauls
3513,Lantsch/Lenz,3513,Lantsch/Lenz
3514,Schmitten (GR),3514,Schmitten (GR)
3515,Surava,3515,Surava
3521,Bergün/Bravuogn,3521,Bergün/Bravuogn
3522,Filisur,3522,Filisur
3531,Bivio,3531,Bivio
3532,Cunter,3532,Cunter
3533,Marmorera,3533,Marmorera
3534,Mulegns,3534,Mulegns
3536,Riom-Parsonz,3536,Riom-Parsonz
3538,Salouf,3538,Salouf
3539,Savognin,3539,Savognin
3540,Sur,3540,Sur
3541,Tinizong-Rona,3541,Tinizong-Rona
3551,Brusio,3551,Brusio
3561,Poschiavo,3561,Poschiavo
3571,Castrisch,3571,Castrisch
3572,Falera,3572,Falera
3574,Ilanz,3574,Ilanz
3575,Laax,3575,Laax
3576,Ladir,3576,Ladir
3577,Luven,3577,Luven
3578,Pitasch,3578,Pitasch
3579,Riein,3579,Riein
3580,Ruschein,3580,Ruschein
3581,Sagogn,3581,Sagogn
3582,Schluein,3582,Schluein
3583,Schnaus,3583,Schnaus
3584,Sevgein,3584,Sevgein
3593,Duvin,3593,Duvin
3598,St. Martin,3598,St. Martin
3603,Vals,3603,Vals
3611,Andiast,3611,Andiast
3612,Obersaxen,3612,Obersaxen
3613,Pigniu,3613,Pigniu
3614,Rueun,3614,Rueun
3615,Siat,3615,Siat
3616,Waltensburg/Vuorz,3616,Waltensburg/Vuorz
3617,Mundaun,3617,Mundaun
3618,Lumnezia,3618,Lumnezia
3631,Almens,3631,Almens
3633,Fürstenau,3633,Fürstenau
3634,Paspels,3634,Paspels
3635,Pratval,3635,Pratval
3636,Rodels,3636,Rodels
3637,Rothenbrunnen,3637,Rothenbrunnen
3638,Scharans,3638,Scharans
3640,Sils im Domleschg,3640,Sils im Domleschg
3661,Cazis,3661,Cazis
3662,Flerden,3662,Flerden
3663,Masein,3663,Masein
3668,Thusis,3668,Thusis
3669,Tschappina,3669,Tschappina
3670,Urmein,3670,Urmein
3671,Tomils,3671,Tomils
3672,Safiental,3672,Safiental
3681,Avers,3681,Avers
3691,Hinterrhein,3691,Hinterrhein
3693,Nufenen,3693,Nufenen
3694,Splügen,3694,Splügen
3695,Sufers,3695,Sufers
3701,Andeer,3701,Andeer
3703,Casti-Wergenstein,3703,Casti-Wergenstein
3705,Donat,3705,Donat
3707,Lohn (GR),3707,Lohn (GR)
3708,Mathon,3708,Mathon
3711,Rongellen,3711,Rongellen
3712,Zillis-Reischen,3712,Zillis-Reischen
3713,Ferrera,3713,Ferrera
3721,Bonaduz,3721,Bonaduz
3722,Domat/Ems,3722,Domat/Ems
3723,Rhäzüns,3723,Rhäzüns
3731,Felsberg,3731,Felsberg
3732,Flims,3732,Flims
3733,Tamins,3733,Tamins
3734,Trin,3734,Trin
3741,Ardez,3741,Ardez
3742,Guarda,3742,Guarda
3743,Lavin,3743,Lavin
3744,Susch,3744,Susch
3745,Tarasp,3745,Tarasp
3746,Zernez,3746,Zernez
3752,Samnaun,3752,Samnaun
3761,Ftan,3761,Ftan
3762,Scuol,3762,Scuol
3763,Sent,3763,Sent
3764,Valsot,3764,Valsot
3781,Bever,3781,Bever
3782,Celerina/Schlarigna,3782,Celerina/Schlarigna
3783,Madulain,3783,Madulain
3784,Pontresina,3784,Pontresina
3785,La Punt-Chamues-ch,3785,La Punt-Chamues-ch
3786,Samedan,3786,Samedan
3787,St. Moritz,3787,St. Moritz
3788,S-chanf,3788,S-chanf
3789,Sils im Engadin/Segl,3789,Sils im Engadin/Segl
3790,Silvaplana,3790,Silvaplana
3791,Zuoz,3791,Zuoz
3792,Bregaglia,3792,Bregaglia
3801,Arvigo,3801,Arvigo
3803,Braggio,3803,Braggio
3804,Buseno,3804,Buseno
3805,Castaneda,3805,Castaneda
3806,Cauco,3806,Cauco
3808,Rossa,3808,Rossa
3810,Santa Maria in Calanca,3810,Santa Maria in Calanca
3811,Selma,3811,Selma
3821,Lostallo,3821,Lostallo
3822,Mesocco,3822,Mesocco
3823,Soazza,3823,Soazza
3831,Cama,3831,Cama
3832,Grono,3832,Grono
3833,Leggia,3833,Leggia
3834,Roveredo (GR),3834,Roveredo (GR)
3835,San Vittore,3835,San Vittore
3836,Verdabbio,3836,Verdabbio
3847,Val Müstair,3847,Val Müstair
3851,Davos,3851,Davos
3861,Fideris,3861,Fideris
3862,Furna,3862,Furna
3863,Jenaz,3863,Jenaz
3871,Klosters-Serneus,3871,Klosters-Serneus
3881,Conters im Prättigau,3881,Conters im Prättigau
3882,Küblis,3882,Küblis
3883,Saas,3883,Saas
3891,Luzein,3891,Luzein
3893,St. Antönien,3893,St. Antönien
3901,Chur,3901,Chur
3911,Churwalden,3911,Churwalden
3921,Arosa,3921,Arosa
3926,Maladers,3926,Maladers
3932,Tschiertschen-Praden,3932,Tschiertschen-Praden
3941,Haldenstein,3941,Haldenstein
3945,Trimmis,3945,Trimmis
3946,Untervaz,3946,Untervaz
3947,Zizers,3947,Zizers
3951,Fläsch,3951,Fläsch
3952,Jenins,3952,Jenins
3953,Maienfeld,3953,Maienfeld
3954,Malans,3954,Malans
3955,Landquart,3955,Landquart
3961,Grüsch,3961,Grüsch
3962,Schiers,3962,Schiers
3972,Seewis im Prättigau,3972,Seewis im Prättigau
3981,Breil/Brigels,3981,Breil/Brigels
3982,Disentis/Mustér,3982,Disentis/Mustér
3983,Medel (Lucmagn),3983,Medel (Lucmagn)
3985,Sumvitg,3985,Sumvitg
3986,Tujetsch,3986,Tujetsch
3987,Trun,3987,Trun
4001,Aarau,4001,Aarau
4002,Biberstein,4002,Biberstein
4003,Buchs (AG),4003,Buchs (AG)
4004,Densbüren,4004,Densbüren
4005,Erlinsbach (AG),4005,Erlinsbach (AG)
4006,Gränichen,4006,Gränichen
4007,Hirschthal,4007,Hirschthal
4008,Küttigen,4008,Küttigen
4009,Muhen,4009,Muhen
4010,Oberentfelden,4010,Oberentfelden
4012,Suhr,4012,Suhr
4013,Unterentfelden,4013,Unterentfelden
4021,Baden,4021,Baden
4022,Bellikon,4022,Bellikon
4023,Bergdietikon,4023,Bergdietikon
4024,Birmenstorf (AG),4024,Birmenstorf (AG)
4026,Ennetbaden,4026,Ennetbaden
4027,Fislisbach,4027,Fislisbach
4028,Freienwil,4028,Freienwil
4029,Gebenstorf,4029,Gebenstorf
4030,Killwangen,4030,Killwangen
4031,Künten,4031,Künten
4032,Mägenwil,4032,Mägenwil
4033,Mellingen,4033,Mellingen
4034,Neuenhof,4034,Neuenhof
4035,Niederrohrdorf,4035,Niederrohrdorf
4037,Oberrohrdorf,4037,Oberrohrdorf
4038,Obersiggenthal,4038,Obersiggenthal
4039,Remetschwil,4039,Remetschwil
4040,Spreitenbach,4040,Spreitenbach
4041,Stetten (AG),4041,Stetten (AG)
4042,Turgi,4042,Turgi
4044,Untersiggenthal,4044,Untersiggenthal
4045,Wettingen,4045,Wettingen
4046,Wohlenschwil,4046,Wohlenschwil
4047,Würenlingen,4047,Würenlingen
4048,Würenlos,4048,Würenlos
4049,Ehrendingen,4049,Ehrendingen
4061,Arni (AG),4061,Arni (AG)
4062,Berikon,4062,Berikon
4063,Bremgarten (AG),4063,Bremgarten (AG)
4064,Büttikon,4064,Büttikon
4065,Dottikon,4065,Dottikon
4066,Eggenwil,4066,Eggenwil
4067,Fischbach-Göslikon,4067,Fischbach-Göslikon
4068,Hägglingen,4068,Hägglingen
4069,Hermetschwil-Staffeln,4069,Hermetschwil-Staffeln
4071,Jonen,4071,Jonen
4072,Niederwil (AG),4072,Niederwil (AG)
4073,Oberlunkhofen,4073,Oberlunkhofen
4074,Oberwil-Lieli,4074,Oberwil-Lieli
4075,Rudolfstetten-Friedlisb.,4075,Rudolfstetten-Friedlisb.
4076,Sarmenstorf,4076,Sarmenstorf
4077,Tägerig,4077,Tägerig
4078,Uezwil,4078,Uezwil
4079,Unterlunkhofen,4079,Unterlunkhofen
4080,Villmergen,4080,Villmergen
4081,Widen,4081,Widen
4082,Wohlen (AG),4082,Wohlen (AG)
4083,Zufikon,4083,Zufikon
4084,Islisberg,4084,Islisberg
4091,Auenstein,4091,Auenstein
4092,Birr,4092,Birr
4093,Birrhard,4093,Birrhard
4094,Bözen,4094,Bözen
4095,Brugg,4095,Brugg
4096,Effingen,4096,Effingen
4097,Elfingen,4097,Elfingen
4099,Habsburg,4099,Habsburg
4100,Hausen (AG),4100,Hausen (AG)
4104,Lupfig,4104,Lupfig
4105,Mandach,4105,Mandach
4106,Mönthal,4106,Mönthal
4107,Mülligen,4107,Mülligen
4109,Oberflachs,4109,Oberflachs
4110,Remigen,4110,Remigen
4111,Riniken,4111,Riniken
4112,Rüfenach,4112,Rüfenach
4113,Scherz,4113,Scherz
4114,Schinznach-Bad,4114,Schinznach-Bad
4115,Schinznach-Dorf,4115,Schinznach-Dorf
4117,Thalheim (AG),4117,Thalheim (AG)
4120,Veltheim (AG),4120,Veltheim (AG)
4121,Villigen,4121,Villigen
4122,Villnachern,4122,Villnachern
4123,Windisch,4123,Windisch
4124,Bözberg,4124,Bözberg
4131,Beinwil am See,4131,Beinwil am See
4132,Birrwil,4132,Birrwil
4133,Burg (AG),4133,Burg (AG)
4134,Dürrenäsch,4134,Dürrenäsch
4135,Gontenschwil,4135,Gontenschwil
4136,Holziken,4136,Holziken
4137,Leimbach (AG),4137,Leimbach (AG)
4138,Leutwil,4138,Leutwil
4139,Menziken,4139,Menziken
4140,Oberkulm,4140,Oberkulm
4141,Reinach (AG),4141,Reinach (AG)
4142,Schlossrued,4142,Schlossrued
4143,Schmiedrued,4143,Schmiedrued
4144,Schöftland,4144,Schöftland
4145,Teufenthal (AG),4145,Teufenthal (AG)
4146,Unterkulm,4146,Unterkulm
4147,Zetzwil,4147,Zetzwil
4161,Eiken,4161,Eiken
4163,Frick,4163,Frick
4164,Gansingen,4164,Gansingen
4165,Gipf-Oberfrick,4165,Gipf-Oberfrick
4166,Herznach,4166,Herznach
4167,Hornussen,4167,Hornussen
4169,Kaisten,4169,Kaisten
4170,Laufenburg,4170,Laufenburg
4172,Münchwilen (AG),4172,Münchwilen (AG)
4173,Oberhof,4173,Oberhof
4175,Oeschgen,4175,Oeschgen
4176,Schwaderloch,4176,Schwaderloch
4177,Sisseln,4177,Sisseln
4179,Ueken,4179,Ueken
4181,Wittnau,4181,Wittnau
4182,Wölflinswil,4182,Wölflinswil
4183,Zeihen,4183,Zeihen
4184,Mettauertal,4184,Mettauertal
4191,Ammerswil,4191,Ammerswil
4192,Boniswil,4192,Boniswil
4193,Brunegg,4193,Brunegg
4194,Dintikon,4194,Dintikon
4195,Egliswil,4195,Egliswil
4196,Fahrwangen,4196,Fahrwangen
4197,Hallwil,4197,Hallwil
4198,Hendschiken,4198,Hendschiken
4199,Holderbank (AG),4199,Holderbank (AG)
4200,Hunzenschwil,4200,Hunzenschwil
4201,Lenzburg,4201,Lenzburg
4202,Meisterschwanden,4202,Meisterschwanden
4203,Möriken-Wildegg,4203,Möriken-Wildegg
4204,Niederlenz,4204,Niederlenz
4205,Othmarsingen,4205,Othmarsingen
4206,Rupperswil,4206,Rupperswil
4207,Schafisheim,4207,Schafisheim
4208,Seengen,4208,Seengen
4209,Seon,4209,Seon
4210,Staufen,4210,Staufen
4221,Abtwil,4221,Abtwil
4222,Aristau,4222,Aristau
4223,Auw,4223,Auw
4224,Beinwil (Freiamt),4224,Beinwil (Freiamt)
4226,Besenbüren,4226,Besenbüren
4227,Bettwil,4227,Bettwil
4228,Boswil,4228,Boswil
4229,Bünzen,4229,Bünzen
4230,Buttwil,4230,Buttwil
4231,Dietwil,4231,Dietwil
4232,Geltwil,4232,Geltwil
4233,Kallern,4233,Kallern
4234,Merenschwand,4234,Merenschwand
4235,Mühlau,4235,Mühlau
4236,Muri (AG),4236,Muri (AG)
4237,Oberrüti,4237,Oberrüti
4238,Rottenschwil,4238,Rottenschwil
4239,Sins,4239,Sins
4240,Waltenschwil,4240,Waltenschwil
4251,Hellikon,4251,Hellikon
4252,Kaiseraugst,4252,Kaiseraugst
4253,Magden,4253,Magden
4254,Möhlin,4254,Möhlin
4255,Mumpf,4255,Mumpf
4256,Obermumpf,4256,Obermumpf
4257,Olsberg,4257,Olsberg
4258,Rheinfelden,4258,Rheinfelden
4259,Schupfart,4259,Schupfart
4260,Stein (AG),4260,Stein (AG)
4261,Wallbach,4261,Wallbach
4262,Wegenstetten,4262,Wegenstetten
4263,Zeiningen,4263,Zeiningen
4264,Zuzgen,4264,Zuzgen
4271,Aarburg,4271,Aarburg
4272,Attelwil,4272,Attelwil
4273,Bottenwil,4273,Bottenwil
4274,Brittnau,4274,Brittnau
4275,Kirchleerau,4275,Kirchleerau
4276,Kölliken,4276,Kölliken
4277,Moosleerau,4277,Moosleerau
4279,Murgenthal,4279,Murgenthal
4280,Oftringen,4280,Oftringen
4281,Reitnau,4281,Reitnau
4282,Rothrist,4282,Rothrist
4283,Safenwil,4283,Safenwil
4284,Staffelbach,4284,Staffelbach
4285,Strengelbach,4285,Strengelbach
4286,Uerkheim,4286,Uerkheim
4287,Vordemwald,4287,Vordemwald
4288,Wiliberg,4288,Wiliberg
4289,Zofingen,4289,Zofingen
4301,Baldingen,4301,Baldingen
4302,Böbikon,4302,Böbikon
4303,Böttstein,4303,Böttstein
4304,Döttingen,4304,Döttingen
4305,Endingen,4305,Endingen
4306,Fisibach,4306,Fisibach
4307,Full-Reuenthal,4307,Full-Reuenthal
4308,Kaiserstuhl,4308,Kaiserstuhl
4309,Klingnau,4309,Klingnau
4310,Koblenz,4310,Koblenz
4311,Leibstadt,4311,Leibstadt
4312,Lengnau (AG),4312,Lengnau (AG)
4313,Leuggern,4313,Leuggern
4314,Mellikon,4314,Mellikon
4315,Rekingen (AG),4315,Rekingen (AG)
4316,Rietheim,4316,Rietheim
4317,Rümikon,4317,Rümikon
4318,Schneisingen,4318,Schneisingen
4319,Siglistorf,4319,Siglistorf
4320,Tegerfelden,4320,Tegerfelden
4321,Unterendingen,4321,Unterendingen
4322,Wislikofen,4322,Wislikofen
4323,Bad Zurzach,4323,Bad Zurzach
4401,Arbon,4401,Arbon
4406,Dozwil,4406,Dozwil
4411,Egnach,4411,Egnach
4416,Hefenhofen,4416,Hefenhofen
4421,Horn,4421,Horn
4426,Kesswil,4426,Kesswil
4431,Roggwil (TG),4431,Roggwil (TG)
4436,Romanshorn,4436,Romanshorn
4441,Salmsach,4441,Salmsach
4446,Sommeri,4446,Sommeri
4451,Uttwil,4451,Uttwil
4461,Amriswil,4461,Amriswil
4471,Bischofszell,4471,Bischofszell
4476,Erlen,4476,Erlen
4486,Hauptwil-Gottshaus,4486,Hauptwil-Gottshaus
4495,Hohentannen,4495,Hohentannen
4501,Kradolf-Schönenberg,4501,Kradolf-Schönenberg
4506,Sulgen,4506,Sulgen
4511,Zihlschlacht-Sitterdorf,4511,Zihlschlacht-Sitterdorf
4536,Basadingen-Schlattingen,4536,Basadingen-Schlattingen
4545,Diessenhofen,4545,Diessenhofen
4546,Schlatt (TG),4546,Schlatt (TG)
4551,Aadorf,4551,Aadorf
4561,Felben-Wellhausen,4561,Felben-Wellhausen
4566,Frauenfeld,4566,Frauenfeld
4571,Gachnang,4571,Gachnang
4590,Hüttlingen,4590,Hüttlingen
4591,Matzingen,4591,Matzingen
4601,Neunforn,4601,Neunforn
4606,Stettfurt,4606,Stettfurt
4611,Thundorf,4611,Thundorf
4616,Uesslingen-Buch,4616,Uesslingen-Buch
4621,Warth-Weiningen,4621,Warth-Weiningen
4641,Altnau,4641,Altnau
4643,Bottighofen,4643,Bottighofen
4646,Ermatingen,4646,Ermatingen
4651,Gottlieben,4651,Gottlieben
4656,Güttingen,4656,Güttingen
4666,Kemmental,4666,Kemmental
4671,Kreuzlingen,4671,Kreuzlingen
4681,Langrickenbach,4681,Langrickenbach
4683,Lengwil,4683,Lengwil
4691,Münsterlingen,4691,Münsterlingen
4696,Tägerwilen,4696,Tägerwilen
4701,Wäldi,4701,Wäldi
4711,Affeltrangen,4711,Affeltrangen
4716,Bettwiesen,4716,Bettwiesen
4721,Bichelsee-Balterswil,4721,Bichelsee-Balterswil
4723,Braunau,4723,Braunau
4724,Eschlikon,4724,Eschlikon
4726,Fischingen,4726,Fischingen
4741,Lommis,4741,Lommis
4746,Münchwilen (TG),4746,Münchwilen (TG)
4751,Rickenbach (TG),4751,Rickenbach (TG)
4756,Schönholzerswilen,4756,Schönholzerswilen
4761,Sirnach,4761,Sirnach
4776,Tobel-Tägerschen,4776,Tobel-Tägerschen
4781,Wängi,4781,Wängi
4786,Wilen (TG),4786,Wilen (TG)
4791,Wuppenau,4791,Wuppenau
4801,Berlingen,4801,Berlingen
4806,Eschenz,4806,Eschenz
4811,Herdern,4811,Herdern
4816,Homburg,4816,Homburg
4821,Hüttwilen,4821,Hüttwilen
4826,Mammern,4826,Mammern
4831,Müllheim,4831,Müllheim
4841,Pfyn,4841,Pfyn
4846,Raperswilen,4846,Raperswilen
4851,Salenstein,4851,Salenstein
4864,Steckborn,4864,Steckborn
4871,Wagenhausen,4871,Wagenhausen
4881,Amlikon-Bissegg,4881,Amlikon-Bissegg
4891,Berg (TG),4891,Berg (TG)
4901,Birwinken,4901,Birwinken
4911,Bürglen (TG),4911,Bürglen (TG)
4921,Bussnang,4921,Bussnang
4941,Märstetten,4941,Märstetten
4946,Weinfelden,4946,Weinfelden
4951,Wigoltingen,4951,Wigoltingen
5001,Arbedo-Castione,5001,Arbedo-Castione
5002,Bellinzona,5002,Bellinzona
5003,Cadenazzo,5003,Cadenazzo
5004,Camorino,5004,Camorino
5005,Giubiasco,5005,Giubiasco
5006,Gnosca,5006,Gnosca
5007,Gorduno,5007,Gorduno
5008,Gudo,5008,Gudo
5009,Isone,5009,Isone
5010,Lumino,5010,Lumino
5012,Moleno,5012,Moleno
5013,Monte Carasso,5013,Monte Carasso
5014,Pianezzo,5014,Pianezzo
5015,Preonzo,5015,Preonzo
5017,Sant'Antonino,5017,Sant'Antonino
5018,Sant'Antonio,5018,Sant'Antonio
5019,Sementina,5019,Sementina
5048,Acquarossa,5048,Acquarossa
5049,Blenio,5049,Blenio
5050,Serravalle,5050,Serravalle
5061,Airolo,5061,Airolo
5063,Bedretto,5063,Bedretto
5064,Bodio,5064,Bodio
5071,Dalpe,5071,Dalpe
5072,Faido,5072,Faido
5073,Giornico,5073,Giornico
5076,Personico,5076,Personico
5077,Pollegio,5077,Pollegio
5078,Prato (Leventina),5078,Prato (Leventina)
5079,Quinto,5079,Quinto
5081,Sobrio,5081,Sobrio
5091,Ascona,5091,Ascona
5095,Brione (Verzasca),5095,Brione (Verzasca)
5096,Brione sopra Minusio,5096,Brione sopra Minusio
5097,Brissago,5097,Brissago
5102,Corippo,5102,Corippo
5105,Frasco,5105,Frasco
5108,Gordola,5108,Gordola
5109,Gresso,5109,Gresso
5112,Lavertezzo,5112,Lavertezzo
5113,Locarno,5113,Locarno
5115,Losone,5115,Losone
5117,Mergoscia,5117,Mergoscia
5118,Minusio,5118,Minusio
5119,Mosogno,5119,Mosogno
5120,Muralto,5120,Muralto
5121,Orselina,5121,Orselina
5125,Ronco sopra Ascona,5125,Ronco sopra Ascona
5129,Sonogno,5129,Sonogno
5131,Tenero-Contra,5131,Tenero-Contra
5132,Vergeletto,5132,Vergeletto
5135,Vogorno,5135,Vogorno
5136,Onsernone,5136,Onsernone
5137,Isorno,5137,Isorno
5138,Cugnasco-Gerra,5138,Cugnasco-Gerra
5141,Agno,5141,Agno
5143,Aranno,5143,Aranno
5144,Arogno,5144,Arogno
5146,Astano,5146,Astano
5148,Bedano,5148,Bedano
5149,Bedigliora,5149,Bedigliora
5151,Bioggio,5151,Bioggio
5154,Bissone,5154,Bissone
5160,Brusino Arsizio,5160,Brusino Arsizio
5161,Cademario,5161,Cademario
5162,Cadempino,5162,Cadempino
5167,Canobbio,5167,Canobbio
5171,Caslano,5171,Caslano
5176,Comano,5176,Comano
5178,Croglio,5178,Croglio
5180,Cureglia,5180,Cureglia
5181,Curio,5181,Curio
5186,Grancia,5186,Grancia
5187,Gravesano,5187,Gravesano
5189,Lamone,5189,Lamone
5192,Lugano,5192,Lugano
5193,Magliaso,5193,Magliaso
5194,Manno,5194,Manno
5195,Maroggia,5195,Maroggia
5196,Massagno,5196,Massagno
5197,Melano,5197,Melano
5198,Melide,5198,Melide
5199,Mezzovico-Vira,5199,Mezzovico-Vira
5200,Miglieglia,5200,Miglieglia
5202,Monteggio,5202,Monteggio
5203,Morcote,5203,Morcote
5205,Muzzano,5205,Muzzano
5206,Neggio,5206,Neggio
5207,Novaggio,5207,Novaggio
5208,Origlio,5208,Origlio
5210,Paradiso,5210,Paradiso
5212,Ponte Capriasca,5212,Ponte Capriasca
5213,Ponte Tresa,5213,Ponte Tresa
5214,Porza,5214,Porza
5216,Pura,5216,Pura
5219,Rovio,5219,Rovio
5221,Savosa,5221,Savosa
5222,Sessa,5222,Sessa
5225,Sorengo,5225,Sorengo
5226,Capriasca,5226,Capriasca
5227,Torricella-Taverne,5227,Torricella-Taverne
5230,Vernate,5230,Vernate
5231,Vezia,5231,Vezia
5233,Vico Morcote,5233,Vico Morcote
5236,Collina d'Oro,5236,Collina d'Oro
5237,Alto Malcantone,5237,Alto Malcantone
5238,Monteceneri,5238,Monteceneri
5242,Balerna,5242,Balerna
5249,Castel San Pietro,5249,Castel San Pietro
5250,Chiasso,5250,Chiasso
5251,Coldrerio,5251,Coldrerio
5254,Mendrisio,5254,Mendrisio
5257,Morbio Inferiore,5257,Morbio Inferiore
5260,Novazzano,5260,Novazzano
5263,Riva San Vitale,5263,Riva San Vitale
5266,Stabio,5266,Stabio
5268,Vacallo,5268,Vacallo
5269,Breggia,5269,Breggia
5281,Biasca,5281,Biasca
5282,Claro,5282,Claro
5283,Cresciano,5283,Cresciano
5284,Iragna,5284,Iragna
5285,Lodrino,5285,Lodrino
5286,Osogna,5286,Osogna
5304,Bosco/Gurin,5304,Bosco/Gurin
5307,Campo (Vallemaggia),5307,Campo (Vallemaggia)
5309,Cerentino,5309,Cerentino
5310,Cevio,5310,Cevio
5315,Linescio,5315,Linescio
5317,Maggia,5317,Maggia
5323,Lavizzara,5323,Lavizzara
5324,Avegno Gordevio,5324,Avegno Gordevio
5391,C'za Cadenazzo/Montecen.,5391,C'za Cadenazzo/Montecen.
5394,C'za Capriasca/Lugano,5394,C'za Capriasca/Lugano
5396,Terre di Pedemonte,5396,Terre di Pedemonte
5397,Centovalli,5397,Centovalli
5398,Gambarogno,5398,Gambarogno
5401,Aigle,5401,Aigle
5402,Bex,5402,Bex
5403,Chessel,5403,Chessel
5404,Corbeyrier,5404,Corbeyrier
5405,Gryon,5405,Gryon
5406,Lavey-Morcles,5406,Lavey-Morcles
5407,Leysin,5407,Leysin
5408,Noville,5408,Noville
5409,Ollon,5409,Ollon
5410,Ormont-Dessous,5410,Ormont-Dessous
5411,Ormont-Dessus,5411,Ormont-Dessus
5412,Rennaz,5412,Rennaz
5413,Roche (VD),5413,Roche (VD)
5414,Villeneuve (VD),5414,Villeneuve (VD)
5415,Yvorne,5415,Yvorne
5421,Apples,5421,Apples
5422,Aubonne,5422,Aubonne
5423,Ballens,5423,Ballens
5424,Berolle,5424,Berolle
5425,Bière,5425,Bière
5426,Bougy-Villars,5426,Bougy-Villars
5427,Féchy,5427,Féchy
5428,Gimel,5428,Gimel
5429,Longirod,5429,Longirod
5430,Marchissy,5430,Marchissy
5431,Mollens (VD),5431,Mollens (VD)
5432,Montherod,5432,Montherod
5434,Saint-George,5434,Saint-George
5435,Saint-Livres,5435,Saint-Livres
5436,Saint-Oyens,5436,Saint-Oyens
5437,Saubraz,5437,Saubraz
5451,Avenches,5451,Avenches
5456,Cudrefin,5456,Cudrefin
5458,Faoug,5458,Faoug
5464,Vully-les-Lacs,5464,Vully-les-Lacs
5471,Bettens,5471,Bettens
5472,Bournens,5472,Bournens
5473,Boussens,5473,Boussens
5474,La Chaux (Cossonay),5474,La Chaux (Cossonay)
5475,Chavannes-le-Veyron,5475,Chavannes-le-Veyron
5476,Chevilly,5476,Chevilly
5477,Cossonay,5477,Cossonay
5478,Cottens (VD),5478,Cottens (VD)
5479,Cuarnens,5479,Cuarnens
5480,Daillens,5480,Daillens
5481,Dizy,5481,Dizy
5482,Eclépens,5482,Eclépens
5483,Ferreyres,5483,Ferreyres
5484,Gollion,5484,Gollion
5485,Grancy,5485,Grancy
5486,L'Isle,5486,L'Isle
5487,Lussery-Villars,5487,Lussery-Villars
5488,Mauraz,5488,Mauraz
5489,Mex (VD),5489,Mex (VD)
5490,Moiry,5490,Moiry
5491,Mont-la-Ville,5491,Mont-la-Ville
5492,Montricher,5492,Montricher
5493,Orny,5493,Orny
5494,Pampigny,5494,Pampigny
5495,Penthalaz,5495,Penthalaz
5496,Penthaz,5496,Penthaz
5497,Pompaples,5497,Pompaples
5498,La Sarraz,5498,La Sarraz
5499,Senarclens,5499,Senarclens
5500,Sévery,5500,Sévery
5501,Sullens,5501,Sullens
5503,Vufflens-la-Ville,5503,Vufflens-la-Ville
5511,Assens,5511,Assens
5512,Bercher,5512,Bercher
5513,Bioley-Orjulaz,5513,Bioley-Orjulaz
5514,Bottens,5514,Bottens
5515,Bretigny-sur-Morrens,5515,Bretigny-sur-Morrens
5516,Cugy (VD),5516,Cugy (VD)
5518,Echallens,5518,Echallens
5520,Essertines-sur-Yverdon,5520,Essertines-sur-Yverdon
5521,Etagnières,5521,Etagnières
5522,Fey,5522,Fey
5523,Froideville,5523,Froideville
5527,Morrens (VD),5527,Morrens (VD)
5529,Oulens-sous-Echallens,5529,Oulens-sous-Echallens
5530,Pailly,5530,Pailly
5531,Penthéréaz,5531,Penthéréaz
5533,Poliez-Pittet,5533,Poliez-Pittet
5534,Rueyres,5534,Rueyres
5535,Saint-Barthélemy (VD),5535,Saint-Barthélemy (VD)
5537,Villars-le-Terroir,5537,Villars-le-Terroir
5539,Vuarrens,5539,Vuarrens
5540,Montilliez,5540,Montilliez
5541,Goumoëns,5541,Goumoëns
5551,Bonvillars,5551,Bonvillars
5552,Bullet,5552,Bullet
5553,Champagne,5553,Champagne
5554,Concise,5554,Concise
5555,Corcelles-près-Concise,5555,Corcelles-près-Concise
5556,Fiez,5556,Fiez
5557,Fontaines-sur-Grandson,5557,Fontaines-sur-Grandson
5559,Giez,5559,Giez
5560,Grandevent,5560,Grandevent
5561,Grandson,5561,Grandson
5562,Mauborget,5562,Mauborget
5563,Mutrux,5563,Mutrux
5564,Novalles,5564,Novalles
5565,Onnens (VD),5565,Onnens (VD)
5566,Provence,5566,Provence
5568,Sainte-Croix,5568,Sainte-Croix
5571,Tévenon,5571,Tévenon
5581,Belmont-sur-Lausanne,5581,Belmont-sur-Lausanne
5582,Cheseaux-sur-Lausanne,5582,Cheseaux-sur-Lausanne
5583,Crissier,5583,Crissier
5584,Epalinges,5584,Epalinges
5585,Jouxtens-Mézery,5585,Jouxtens-Mézery
5586,Lausanne,5586,Lausanne
5587,Le Mont-sur-Lausanne,5587,Le Mont-sur-Lausanne
5588,Paudex,5588,Paudex
5589,Prilly,5589,Prilly
5590,Pully,5590,Pully
5591,Renens (VD),5591,Renens (VD)
5592,Romanel-sur-Lausanne,5592,Romanel-sur-Lausanne
5601,Chexbres,5601,Chexbres
5604,Forel (Lavaux),5604,Forel (Lavaux)
5606,Lutry,5606,Lutry
5607,Puidoux,5607,Puidoux
5609,Rivaz,5609,Rivaz
5610,Saint-Saphorin (Lavaux),5610,Saint-Saphorin (Lavaux)
5611,Savigny,5611,Savigny
5613,Bourg-en-Lavaux,5613,Bourg-en-Lavaux
5621,Aclens,5621,Aclens
5622,Bremblens,5622,Bremblens
5623,Buchillon,5623,Buchillon
5624,Bussigny-près-Lausanne,5624,Bussigny-près-Lausanne
5625,Bussy-Chardonney,5625,Bussy-Chardonney
5627,Chavannes-près-Renens,5627,Chavannes-près-Renens
5628,Chigny,5628,Chigny
5629,Clarmont,5629,Clarmont
5631,Denens,5631,Denens
5632,Denges,5632,Denges
5633,Echandens,5633,Echandens
5634,Echichens,5634,Echichens
5635,Ecublens (VD),5635,Ecublens (VD)
5636,Etoy,5636,Etoy
5637,Lavigny,5637,Lavigny
5638,Lonay,5638,Lonay
5639,Lully (VD),5639,Lully (VD)
5640,Lussy-sur-Morges,5640,Lussy-sur-Morges
5642,Morges,5642,Morges
5643,Préverenges,5643,Préverenges
5644,Reverolle,5644,Reverolle
5645,Romanel-sur-Morges,5645,Romanel-sur-Morges
5646,Saint-Prex,5646,Saint-Prex
5648,Saint-Sulpice (VD),5648,Saint-Sulpice (VD)
5649,Tolochenaz,5649,Tolochenaz
5650,Vaux-sur-Morges,5650,Vaux-sur-Morges
5651,Villars-Sainte-Croix,5651,Villars-Sainte-Croix
5652,Villars-sous-Yens,5652,Villars-sous-Yens
5653,Vufflens-le-Château,5653,Vufflens-le-Château
5654,Vullierens,5654,Vullierens
5655,Yens,5655,Yens
5661,Boulens,5661,Boulens
5662,Brenles,5662,Brenles
5663,Bussy-sur-Moudon,5663,Bussy-sur-Moudon
5665,Chavannes-sur-Moudon,5665,Chavannes-sur-Moudon
5666,Chesalles-sur-Moudon,5666,Chesalles-sur-Moudon
5668,Cremin,5668,Cremin
5669,Curtilles,5669,Curtilles
5671,Dompierre (VD),5671,Dompierre (VD)
5672,Forel-sur-Lucens,5672,Forel-sur-Lucens
5673,Hermenches,5673,Hermenches
5674,Lovatens,5674,Lovatens
5675,Lucens,5675,Lucens
5678,Moudon,5678,Moudon
5680,Ogens,5680,Ogens
5683,Prévonloup,5683,Prévonloup
5684,Rossenges,5684,Rossenges
5686,Sarzens,5686,Sarzens
5688,Syens,5688,Syens
5690,Villars-le-Comte,5690,Villars-le-Comte
5692,Vucherens,5692,Vucherens
5693,Montanaire,5693,Montanaire
5701,Arnex-sur-Nyon,5701,Arnex-sur-Nyon
5702,Arzier,5702,Arzier
5703,Bassins,5703,Bassins
5704,Begnins,5704,Begnins
5705,Bogis-Bossey,5705,Bogis-Bossey
5706,Borex,5706,Borex
5707,Chavannes-de-Bogis,5707,Chavannes-de-Bogis
5708,Chavannes-des-Bois,5708,Chavannes-des-Bois
5709,Chéserex,5709,Chéserex
5710,Coinsins,5710,Coinsins
5711,Commugny,5711,Commugny
5712,Coppet,5712,Coppet
5713,Crans-près-Céligny,5713,Crans-près-Céligny
5714,Crassier,5714,Crassier
5715,Duillier,5715,Duillier
5716,Eysins,5716,Eysins
5717,Founex,5717,Founex
5718,Genolier,5718,Genolier
5719,Gingins,5719,Gingins
5720,Givrins,5720,Givrins
5721,Gland,5721,Gland
5722,Grens,5722,Grens
5723,Mies,5723,Mies
5724,Nyon,5724,Nyon
5725,Prangins,5725,Prangins
5726,La Rippe,5726,La Rippe
5727,Saint-Cergue,5727,Saint-Cergue
5728,Signy-Avenex,5728,Signy-Avenex
5729,Tannay,5729,Tannay
5730,Trélex,5730,Trélex
5731,Le Vaud,5731,Le Vaud
5732,Vich,5732,Vich
5741,L'Abergement,5741,L'Abergement
5742,Agiez,5742,Agiez
5743,Arnex-sur-Orbe,5743,Arnex-sur-Orbe
5744,Ballaigues,5744,Ballaigues
5745,Baulmes,5745,Baulmes
5746,Bavois,5746,Bavois
5747,Bofflens,5747,Bofflens
5748,Bretonnières,5748,Bretonnières
5749,Chavornay,5749,Chavornay
5750,Les Clées,5750,Les Clées
5751,Corcelles-sur-Chavornay,5751,Corcelles-sur-Chavornay
5752,Croy,5752,Croy
5754,Juriens,5754,Juriens
5755,Lignerolle,5755,Lignerolle
5756,Montcherand,5756,Montcherand
5757,Orbe,5757,Orbe
5758,La Praz,5758,La Praz
5759,Premier,5759,Premier
5760,Rances,5760,Rances
5761,Romainmôtier-Envy,5761,Romainmôtier-Envy
5762,Sergey,5762,Sergey
5763,Valeyres-sous-Rances,5763,Valeyres-sous-Rances
5764,Vallorbe,5764,Vallorbe
5765,Vaulion,5765,Vaulion
5766,Vuiteboeuf,5766,Vuiteboeuf
5782,Carrouge (VD),5782,Carrouge (VD)
5785,Corcelles-le-Jorat,5785,Corcelles-le-Jorat
5788,Essertes,5788,Essertes
5789,Ferlens (VD),5789,Ferlens (VD)
5790,Maracon,5790,Maracon
5791,Mézières (VD),5791,Mézières (VD)
5792,Montpreveyres,5792,Montpreveyres
5798,Ropraz,5798,Ropraz
5799,Servion,5799,Servion
5803,Vulliens,5803,Vulliens
5804,Jorat-Menthue,5804,Jorat-Menthue
5805,Oron,5805,Oron
5812,Champtauroz,5812,Champtauroz
5813,Chevroux,5813,Chevroux
5816,Corcelles-près-Payerne,5816,Corcelles-près-Payerne
5817,Grandcour,5817,Grandcour
5819,Henniez,5819,Henniez
5821,Missy,5821,Missy
5822,Payerne,5822,Payerne
5827,Trey,5827,Trey
5828,Treytorrens (Payerne),5828,Treytorrens (Payerne)
5830,Villarzel,5830,Villarzel
5831,Valbroye,5831,Valbroye
5841,Château-d'Oex,5841,Château-d'Oex
5842,Rossinière,5842,Rossinière
5843,Rougemont,5843,Rougemont
5851,Allaman,5851,Allaman
5852,Bursinel,5852,Bursinel
5853,Bursins,5853,Bursins
5854,Burtigny,5854,Burtigny
5855,Dully,5855,Dully
5856,Essertines-sur-Rolle,5856,Essertines-sur-Rolle
5857,Gilly,5857,Gilly
5858,Luins,5858,Luins
5859,Mont-sur-Rolle,5859,Mont-sur-Rolle
5860,Perroy,5860,Perroy
5861,Rolle,5861,Rolle
5862,Tartegnin,5862,Tartegnin
5863,Vinzel,5863,Vinzel
5871,L'Abbaye,5871,L'Abbaye
5872,Le Chenit,5872,Le Chenit
5873,Le Lieu,5873,Le Lieu
5881,Blonay,5881,Blonay
5882,Chardonne,5882,Chardonne
5883,Corseaux,5883,Corseaux
5884,Corsier-sur-Vevey,5884,Corsier-sur-Vevey
5885,Jongny,5885,Jongny
5886,Montreux,5886,Montreux
5888,Saint-Légier-La Chiésaz,5888,Saint-Légier-La Chiésaz
5889,La Tour-de-Peilz,5889,La Tour-de-Peilz
5890,Vevey,5890,Vevey
5891,Veytaux,5891,Veytaux
5902,Belmont-sur-Yverdon,5902,Belmont-sur-Yverdon
5903,Bioley-Magnoux,5903,Bioley-Magnoux
5904,Chamblon,5904,Chamblon
5905,Champvent,5905,Champvent
5907,Chavannes-le-Chêne,5907,Chavannes-le-Chêne
5908,Chêne-Pâquier,5908,Chêne-Pâquier
5909,Cheseaux-Noréaz,5909,Cheseaux-Noréaz
5910,Cronay,5910,Cronay
5911,Cuarny,5911,Cuarny
5912,Démoret,5912,Démoret
5913,Donneloye,5913,Donneloye
5914,Ependes (VD),5914,Ependes (VD)
5915,Essert-Pittet,5915,Essert-Pittet
5919,Mathod,5919,Mathod
5921,Molondin,5921,Molondin
5922,Montagny-près-Yverdon,5922,Montagny-près-Yverdon
5923,Oppens,5923,Oppens
5924,Orges,5924,Orges
5925,Orzens,5925,Orzens
5926,Pomy,5926,Pomy
5928,Rovray,5928,Rovray
5929,Suchy,5929,Suchy
5930,Suscévaz,5930,Suscévaz
5931,Treycovagnes,5931,Treycovagnes
5932,Ursins,5932,Ursins
5933,Valeyres-sous-Montagny,5933,Valeyres-sous-Montagny
5934,Valeyres-sous-Ursins,5934,Valeyres-sous-Ursins
5935,Villars-Epeney,5935,Villars-Epeney
5937,Vugelles-La Mothe,5937,Vugelles-La Mothe
5938,Yverdon-les-Bains,5938,Yverdon-les-Bains
5939,Yvonand,5939,Yvonand
6002,Brig-Glis,6002,Brig-Glis
6004,Eggerberg,6004,Eggerberg
6007,Naters,6007,Naters
6008,Ried-Brig,6008,Ried-Brig
6009,Simplon,6009,Simplon
6010,Termen,6010,Termen
6011,Zwischbergen,6011,Zwischbergen
6021,Ardon,6021,Ardon
6022,Chamoson,6022,Chamoson
6023,Conthey,6023,Conthey
6024,Nendaz,6024,Nendaz
6025,Vétroz,6025,Vétroz
6031,Bagnes,6031,Bagnes
6032,Bourg-Saint-Pierre,6032,Bourg-Saint-Pierre
6033,Liddes,6033,Liddes
6034,Orsières,6034,Orsières
6035,Sembrancher,6035,Sembrancher
6036,Vollèges,6036,Vollèges
6052,Bellwald,6052,Bellwald
6054,Binn,6054,Binn
6055,Blitzingen,6055,Blitzingen
6056,Ernen,6056,Ernen
6057,Fiesch,6057,Fiesch
6058,Fieschertal,6058,Fieschertal
6061,Lax,6061,Lax
6064,Niederwald,6064,Niederwald
6073,Grafschaft,6073,Grafschaft
6074,Münster-Geschinen,6074,Münster-Geschinen
6075,Reckingen-Gluringen,6075,Reckingen-Gluringen
6076,Obergoms,6076,Obergoms
6081,Les Agettes,6081,Les Agettes
6082,Ayent,6082,Ayent
6083,Evolène,6083,Evolène
6084,Hérémence,6084,Hérémence
6087,Saint-Martin (VS),6087,Saint-Martin (VS)
6089,Vex,6089,Vex
6090,Mont-Noble,6090,Mont-Noble
6101,Agarn,6101,Agarn
6102,Albinen,6102,Albinen
6104,Ergisch,6104,Ergisch
6109,Inden,6109,Inden
6110,Leuk,6110,Leuk
6111,Leukerbad,6111,Leukerbad
6112,Oberems,6112,Oberems
6113,Salgesch,6113,Salgesch
6116,Varen,6116,Varen
6117,Guttet-Feschel,6117,Guttet-Feschel
6118,Gampel-Bratsch,6118,Gampel-Bratsch
6119,Turtmann-Unterems,6119,Turtmann-Unterems
6131,Bovernier,6131,Bovernier
6132,Charrat,6132,Charrat
6133,Fully,6133,Fully
6134,Isérables,6134,Isérables
6135,Leytron,6135,Leytron
6136,Martigny,6136,Martigny
6137,Martigny-Combe,6137,Martigny-Combe
6139,Riddes,6139,Riddes
6140,Saillon,6140,Saillon
6141,Saxon,6141,Saxon
6142,Trient,6142,Trient
6151,Champéry,6151,Champéry
6152,Collombey-Muraz,6152,Collombey-Muraz
6153,Monthey,6153,Monthey
6154,Port-Valais,6154,Port-Valais
6155,Saint-Gingolph,6155,Saint-Gingolph
6156,Troistorrents,6156,Troistorrents
6157,Val-d'Illiez,6157,Val-d'Illiez
6158,Vionnaz,6158,Vionnaz
6159,Vouvry,6159,Vouvry
6171,Betten,6171,Betten
6172,Bister,6172,Bister
6173,Bitsch,6173,Bitsch
6177,Grengiols,6177,Grengiols
6178,Martisberg,6178,Martisberg
6181,Riederalp,6181,Riederalp
6191,Ausserberg,6191,Ausserberg
6192,Blatten,6192,Blatten
6193,Bürchen,6193,Bürchen
6194,Eischoll,6194,Eischoll
6195,Ferden,6195,Ferden
6197,Kippel,6197,Kippel
6198,Niedergesteln,6198,Niedergesteln
6199,Raron,6199,Raron
6201,Unterbäch,6201,Unterbäch
6202,Wiler (Lötschen),6202,Wiler (Lötschen)
6203,Mörel-Filet,6203,Mörel-Filet
6204,Steg-Hohtenn,6204,Steg-Hohtenn
6211,Collonges,6211,Collonges
6212,Dorénaz,6212,Dorénaz
6213,Evionnaz,6213,Evionnaz
6214,Finhaut,6214,Finhaut
6215,Massongex,6215,Massongex
6217,Saint-Maurice,6217,Saint-Maurice
6218,Salvan,6218,Salvan
6219,Vernayaz,6219,Vernayaz
6220,Vérossaz,6220,Vérossaz
6232,Chalais,6232,Chalais
6234,Chermignon,6234,Chermignon
6235,Chippis,6235,Chippis
6238,Grône,6238,Grône
6239,Icogne,6239,Icogne
6240,Lens,6240,Lens
6241,Miège,6241,Miège
6242,Mollens (VS),6242,Mollens (VS)
6243,Montana,6243,Montana
6244,Randogne,6244,Randogne
6246,Saint-Léonard,6246,Saint-Léonard
6248,Sierre,6248,Sierre
6249,Venthône,6249,Venthône
6250,Veyras,6250,Veyras
6252,Anniviers,6252,Anniviers
6261,Arbaz,6261,Arbaz
6263,Grimisuat,6263,Grimisuat
6265,Savièse,6265,Savièse
6266,Sion,6266,Sion
6267,Veysonnaz,6267,Veysonnaz
6281,Baltschieder,6281,Baltschieder
6282,Eisten,6282,Eisten
6283,Embd,6283,Embd
6285,Grächen,6285,Grächen
6286,Lalden,6286,Lalden
6287,Randa,6287,Randa
6288,Saas-Almagell,6288,Saas-Almagell
6289,Saas-Balen,6289,Saas-Balen
6290,Saas-Fee,6290,Saas-Fee
6291,Saas-Grund,6291,Saas-Grund
6292,St. Niklaus,6292,St. Niklaus
6293,Stalden (VS),6293,Stalden (VS)
6294,Staldenried,6294,Staldenried
6295,Täsch,6295,Täsch
6296,Törbel,6296,Törbel
6297,Visp,6297,Visp
6298,Visperterminen,6298,Visperterminen
6299,Zeneggen,6299,Zeneggen
6300,Zermatt,6300,Zermatt
6391,Kom. Reck.-Glu./Grafsch.,6391,Kom. Reck.-Glu./Grafsch.
6402,Bevaix,6402,Bevaix
6404,Boudry,6404,Boudry
6405,Brot-Dessous,6405,Brot-Dessous
6407,Corcelles-Cormondrèche,6407,Corcelles-Cormondrèche
6408,Cortaillod,6408,Cortaillod
6409,Fresens,6409,Fresens
6410,Gorgier,6410,Gorgier
6411,Montalchez,6411,Montalchez
6412,Peseux,6412,Peseux
6413,Rochefort,6413,Rochefort
6414,Saint-Aubin-Sauges,6414,Saint-Aubin-Sauges
6415,Vaumarcus,6415,Vaumarcus
6416,Milvignes,6416,Milvignes
6421,La Chaux-de-Fonds,6421,La Chaux-de-Fonds
6422,Les Planchettes,6422,Les Planchettes
6423,La Sagne,6423,La Sagne
6431,Les Brenets,6431,Les Brenets
6432,La Brévine,6432,La Brévine
6433,Brot-Plamboz,6433,Brot-Plamboz
6434,Le Cerneux-Péquignot,6434,Le Cerneux-Péquignot
6435,La Chaux-du-Milieu,6435,La Chaux-du-Milieu
6436,Le Locle,6436,Le Locle
6437,Les Ponts-de-Martel,6437,Les Ponts-de-Martel
6451,Cornaux,6451,Cornaux
6452,Cressier (NE),6452,Cressier (NE)
6453,Enges,6453,Enges
6454,Hauterive (NE),6454,Hauterive (NE)
6455,Le Landeron,6455,Le Landeron
6456,Lignières,6456,Lignières
6458,Neuchâtel,6458,Neuchâtel
6459,Saint-Blaise,6459,Saint-Blaise
6461,La Tène,6461,La Tène
6485,Valangin,6485,Valangin
6487,Val-de-Ruz,6487,Val-de-Ruz
6504,La Côte-aux-Fées,6504,La Côte-aux-Fées
6511,Les Verrières,6511,Les Verrières
6512,Val-de-Travers,6512,Val-de-Travers
6601,Aire-la-Ville,6601,Aire-la-Ville
6602,Anières,6602,Anières
6603,Avully,6603,Avully
6604,Avusy,6604,Avusy
6605,Bardonnex,6605,Bardonnex
6606,Bellevue,6606,Bellevue
6607,Bernex,6607,Bernex
6608,Carouge (GE),6608,Carouge (GE)
6609,Cartigny,6609,Cartigny
6610,Céligny,6610,Céligny
6611,Chancy,6611,Chancy
6612,Chêne-Bougeries,6612,Chêne-Bougeries
6613,Chêne-Bourg,6613,Chêne-Bourg
6614,Choulex,6614,Choulex
6615,Collex-Bossy,6615,Collex-Bossy
6616,Collonge-Bellerive,6616,Collonge-Bellerive
6617,Cologny,6617,Cologny
6618,Confignon,6618,Confignon
6619,Corsier (GE),6619,Corsier (GE)
6620,Dardagny,6620,Dardagny
6621,Genève,6621,Genève
6622,Genthod,6622,Genthod
6623,Le Grand-Saconnex,6623,Le Grand-Saconnex
6624,Gy,6624,Gy
6625,Hermance,6625,Hermance
6626,Jussy,6626,Jussy
6627,Laconnex,6627,Laconnex
6628,Lancy,6628,Lancy
6629,Meinier,6629,Meinier
6630,Meyrin,6630,Meyrin
6631,Onex,6631,Onex
6632,Perly-Certoux,6632,Perly-Certoux
6633,Plan-les-Ouates,6633,Plan-les-Ouates
6634,Pregny-Chambésy,6634,Pregny-Chambésy
6635,Presinge,6635,Presinge
6636,Puplinge,6636,Puplinge
6637,Russin,6637,Russin
6638,Satigny,6638,Satigny
6639,Soral,6639,Soral
6640,Thônex,6640,Thônex
6641,Troinex,6641,Troinex
6642,Vandoeuvres,6642,Vandoeuvres
6643,Vernier,6643,Vernier
6644,Versoix,6644,Versoix
6645,Veyrier,6645,Veyrier
6702,Boécourt,6702,Boécourt
6703,Bourrignon,6703,Bourrignon
6704,Châtillon (JU),6704,Châtillon (JU)
6705,Corban,6705,Corban
6706,Courchapoix,6706,Courchapoix
6708,Courrendlin,6708,Courrendlin
6709,Courroux,6709,Courroux
6710,Courtételle,6710,Courtételle
6711,Delémont,6711,Delémont
6712,Develier,6712,Develier
6713,Ederswiler,6713,Ederswiler
6715,Mervelier,6715,Mervelier
6716,Mettembert,6716,Mettembert
6718,Movelier,6718,Movelier
6719,Pleigne,6719,Pleigne
6720,Rebeuvelier,6720,Rebeuvelier
6721,Rossemaison,6721,Rossemaison
6722,Saulcy,6722,Saulcy
6724,Soyhières,6724,Soyhières
6728,Vellerat,6728,Vellerat
6729,Haute-Sorne,6729,Haute-Sorne
6730,Val Terbi,6730,Val Terbi
6741,Le Bémont (JU),6741,Le Bémont (JU)
6742,Les Bois,6742,Les Bois
6743,Les Breuleux,6743,Les Breuleux
6744,La Chaux-des-Breuleux,6744,La Chaux-des-Breuleux
6745,Les Enfers,6745,Les Enfers
6748,Les Genevez (JU),6748,Les Genevez (JU)
6750,Lajoux (JU),6750,Lajoux (JU)
6751,Montfaucon,6751,Montfaucon
6753,Muriaux,6753,Muriaux
6754,Le Noirmont,6754,Le Noirmont
6757,Saignelégier,6757,Saignelégier
6758,Saint-Brais,6758,Saint-Brais
6759,Soubey,6759,Soubey
6771,Alle,6771,Alle
6773,Beurnevésin,6773,Beurnevésin
6774,Boncourt,6774,Boncourt
6775,Bonfol,6775,Bonfol
6778,Bure,6778,Bure
6781,Coeuve,6781,Coeuve
6782,Cornol,6782,Cornol
6783,Courchavon,6783,Courchavon
6784,Courgenay,6784,Courgenay
6785,Courtedoux,6785,Courtedoux
6787,Damphreux,6787,Damphreux
6789,Fahy,6789,Fahy
6790,Fontenais,6790,Fontenais
6792,Grandfontaine,6792,Grandfontaine
6793,Lugnez,6793,Lugnez
6800,Porrentruy,6800,Porrentruy
6803,Rocourt,6803,Rocourt
6806,Vendlincourt,6806,Vendlincourt
6807,Basse-Allaine,6807,Basse-Allaine
6808,Clos du Doubs,6808,Clos du Doubs
6809,Haute-Ajoie,6809,Haute-Ajoie
6810,La Baroche,6810,La Baroche
