mId.x,mShortName.x,mId.y,mShortName.y,year
5003,Cadenazzo,5003,Cadenazzo,2006
5016,Robasacco,5003,Cadenazzo,2006
5391,C'za Medeglia/Robasacco,5391,C'za Medeglia/Cadenazzo,2006
5145,Arosio,5237,Alto Malcantone,2006
5159,Breno,5237,Alto Malcantone,2006
5183,Fescoggia,5237,Alto Malcantone,2006
5204,Mugena,5237,Alto Malcantone,2006
5232,Vezio,5237,Alto Malcantone,2006
1124,Buchs (LU),1125,Dagmersellen,2006
1125,Dagmersellen,1125,Dagmersellen,2006
1144,Uffikon,1125,Dagmersellen,2006
1128,Ettiswil,1128,Ettiswil,2006
1133,Kottwil,1128,Ettiswil,2006
1148,Willisau Land,1151,Willisau,2006
1149,Willisau Stadt,1151,Willisau,2006
1134,Langnau bei Reiden,1140,Reiden,2006
1140,Reiden,1140,Reiden,2006
1141,Richenthal,1140,Reiden,2006
2002,Autavaux,2052,Vernay,2006
2018,Forel (FR),2052,Vernay,2006
2031,Montbrelloz,2052,Vernay,2006
2003,Bollion,2025,Lully (FR),2006
2025,Lully (FR),2025,Lully (FR),2006
2042,Seiry,2025,Lully (FR),2006
2074,Esmonts,2112,Vuarmarens,2006
2112,Vuarmarens,2112,Vuarmarens,2006
2123,Botterens,2123,Botterens,2006
2156,Villarbeney,2123,Botterens,2006
2125,Bulle,2125,Bulle,2006
2154,La Tour-de-Trême,2125,Bulle,2006
2241,Agriswil,2276,Ried bei Kerzers,2006
2276,Ried bei Kerzers,2276,Ried bei Kerzers,2006
2494,Niedererlinsbach,2503,Erlinsbach (SO),2006
2496,Obererlinsbach,2503,Erlinsbach (SO),2006
3692,Medels im Rheinwald,3694,Splügen,2006
3694,Splügen,3694,Splügen,2006
4005,Erlinsbach,4005,Erlinsbach (AG),2006
4036,Oberehrendingen,4049,Ehrendingen,2006
4043,Unterehrendingen,4049,Ehrendingen,2006
4116,Stilli,4121,Villigen,2006
4121,Villigen,4121,Villigen,2006
5065,Calonico,5072,Faido,2007
5069,Chiggiogna,5072,Faido,2007
5072,Faido,5072,Faido,2007
5080,Rossura,5072,Faido,2007
1610,Haslen,1610,Haslen,2007
1612,Leuggelbach,1610,Haslen,2007
1621,Nidfurn,1610,Haslen,2007
5451,Avenches,5451,Avenches,2007
5457,Donatyre,5451,Avenches,2007
5823,Rossens (VD),5830,Villarzel,2007
5825,Sédeilles,5830,Villarzel,2007
5830,Villarzel,5830,Villarzel,2007
5401,Aigle,5401,Aigle,2007
5402,Bex,5402,Bex,2007
5403,Chessel,5403,Chessel,2007
5404,Corbeyrier,5404,Corbeyrier,2007
5405,Gryon,5405,Gryon,2007
5406,Lavey-Morcles,5406,Lavey-Morcles,2007
5407,Leysin,5407,Leysin,2007
5408,Noville,5408,Noville,2007
5409,Ollon,5409,Ollon,2007
5410,Ormont-Dessous,5410,Ormont-Dessous,2007
5411,Ormont-Dessus,5411,Ormont-Dessus,2007
5412,Rennaz,5412,Rennaz,2007
5413,Roche (VD),5413,Roche (VD),2007
5414,Villeneuve (VD),5414,Villeneuve (VD),2007
5415,Yvorne,5415,Yvorne,2007
5421,Apples,5421,Apples,2007
5422,Aubonne,5422,Aubonne,2007
5423,Ballens,5423,Ballens,2007
5424,Berolle,5424,Berolle,2007
5425,Bière,5425,Bière,2007
5426,Bougy-Villars,5426,Bougy-Villars,2007
5427,Féchy,5427,Féchy,2007
5428,Gimel,5428,Gimel,2007
5429,Longirod,5429,Longirod,2007
5430,Marchissy,5430,Marchissy,2007
5431,Mollens (VD),5431,Mollens (VD),2007
5432,Montherod,5432,Montherod,2007
5433,Pizy,5433,Pizy,2007
5434,Saint-George,5434,Saint-George,2007
5435,Saint-Livres,5435,Saint-Livres,2007
5436,Saint-Oyens,5436,Saint-Oyens,2007
5437,Saubraz,5437,Saubraz,2007
5452,Bellerive (VD),5452,Bellerive (VD),2007
5453,Chabrey,5453,Chabrey,2007
5455,Constantine,5455,Constantine,2007
5456,Cudrefin,5456,Cudrefin,2007
5458,Faoug,5458,Faoug,2007
5459,Montmagny,5459,Montmagny,2007
5460,Mur (VD),5460,Mur (VD),2007
5461,Oleyres,5461,Oleyres,2007
5462,Vallamand,5462,Vallamand,2007
5463,Villars-le-Grand,5463,Villars-le-Grand,2007
5471,Bettens,5471,Bettens,2007
5472,Bournens,5472,Bournens,2007
5473,Boussens,5473,Boussens,2007
5474,La Chaux (Cossonay),5474,La Chaux (Cossonay),2007
5475,Chavannes-le-Veyron,5475,Chavannes-le-Veyron,2007
5476,Chevilly,5476,Chevilly,2007
5477,Cossonay,5477,Cossonay,2007
5478,Cottens (VD),5478,Cottens (VD),2007
5479,Cuarnens,5479,Cuarnens,2007
5480,Daillens,5480,Daillens,2007
5481,Dizy,5481,Dizy,2007
5482,Eclépens,5482,Eclépens,2007
5483,Ferreyres,5483,Ferreyres,2007
5484,Gollion,5484,Gollion,2007
5485,Grancy,5485,Grancy,2007
5486,L'Isle,5486,L'Isle,2007
5487,Lussery-Villars,5487,Lussery-Villars,2007
5488,Mauraz,5488,Mauraz,2007
5489,Mex (VD),5489,Mex (VD),2007
5490,Moiry,5490,Moiry,2007
5491,Mont-la-Ville,5491,Mont-la-Ville,2007
5492,Montricher,5492,Montricher,2007
5493,Orny,5493,Orny,2007
5494,Pampigny,5494,Pampigny,2007
5495,Penthalaz,5495,Penthalaz,2007
5496,Penthaz,5496,Penthaz,2007
5497,Pompaples,5497,Pompaples,2007
5498,La Sarraz,5498,La Sarraz,2007
5499,Senarclens,5499,Senarclens,2007
5500,Sévery,5500,Sévery,2007
5501,Sullens,5501,Sullens,2007
5503,Vufflens-la-Ville,5503,Vufflens-la-Ville,2007
5511,Assens,5511,Assens,2007
5512,Bercher,5512,Bercher,2007
5513,Bioley-Orjulaz,5513,Bioley-Orjulaz,2007
5514,Bottens,5514,Bottens,2007
5515,Bretigny-sur-Morrens,5515,Bretigny-sur-Morrens,2007
5516,Cugy (VD),5516,Cugy (VD),2007
5517,Dommartin,5517,Dommartin,2007
5518,Echallens,5518,Echallens,2007
5519,Eclagnens,5519,Eclagnens,2007
5520,Essertines-sur-Yverdon,5520,Essertines-sur-Yverdon,2007
5521,Etagnières,5521,Etagnières,2007
5522,Fey,5522,Fey,2007
5523,Froideville,5523,Froideville,2007
5524,Goumoens-la-Ville,5524,Goumoens-la-Ville,2007
5525,Goumoens-le-Jux,5525,Goumoens-le-Jux,2007
5526,Malapalud,5526,Malapalud,2007
5527,Morrens (VD),5527,Morrens (VD),2007
5528,Naz,5528,Naz,2007
5529,Oulens-sous-Echallens,5529,Oulens-sous-Echallens,2007
5530,Pailly,5530,Pailly,2007
5531,Penthéréaz,5531,Penthéréaz,2007
5532,Poliez-le-Grand,5532,Poliez-le-Grand,2007
5533,Poliez-Pittet,5533,Poliez-Pittet,2007
5534,Rueyres,5534,Rueyres,2007
5535,Saint-Barthélemy (VD),5535,Saint-Barthélemy (VD),2007
5536,Sugnens,5536,Sugnens,2007
5537,Villars-le-Terroir,5537,Villars-le-Terroir,2007
5538,Villars-Tiercelin,5538,Villars-Tiercelin,2007
5539,Vuarrens,5539,Vuarrens,2007
5551,Bonvillars,5551,Bonvillars,2007
5552,Bullet,5552,Bullet,2007
5553,Champagne,5553,Champagne,2007
5554,Concise,5554,Concise,2007
5555,Corcelles-près-Concise,5555,Corcelles-près-Concise,2007
5556,Fiez,5556,Fiez,2007
5557,Fontaines-sur-Grandson,5557,Fontaines-sur-Grandson,2007
5558,Fontanezier,5558,Fontanezier,2007
5559,Giez,5559,Giez,2007
5560,Grandevent,5560,Grandevent,2007
5561,Grandson,5561,Grandson,2007
5562,Mauborget,5562,Mauborget,2007
5563,Mutrux,5563,Mutrux,2007
5564,Novalles,5564,Novalles,2007
5565,Onnens (VD),5565,Onnens (VD),2007
5566,Provence,5566,Provence,2007
5567,Romairon,5567,Romairon,2007
5568,Sainte-Croix,5568,Sainte-Croix,2007
5569,Vaugondry,5569,Vaugondry,2007
5570,Villars-Burquin,5570,Villars-Burquin,2007
5581,Belmont-sur-Lausanne,5581,Belmont-sur-Lausanne,2007
5582,Cheseaux-sur-Lausanne,5582,Cheseaux-sur-Lausanne,2007
5583,Crissier,5583,Crissier,2007
5584,Epalinges,5584,Epalinges,2007
5585,Jouxtens-Mézery,5585,Jouxtens-Mézery,2007
5586,Lausanne,5586,Lausanne,2007
5587,Le Mont-sur-Lausanne,5587,Le Mont-sur-Lausanne,2007
5588,Paudex,5588,Paudex,2007
5589,Prilly,5589,Prilly,2007
5590,Pully,5590,Pully,2007
5591,Renens (VD),5591,Renens (VD),2007
5592,Romanel-sur-Lausanne,5592,Romanel-sur-Lausanne,2007
5601,Chexbres,5601,Chexbres,2007
5602,Cully,5602,Cully,2007
5603,Epesses,5603,Epesses,2007
5604,Forel (Lavaux),5604,Forel (Lavaux),2007
5605,Grandvaux,5605,Grandvaux,2007
5606,Lutry,5606,Lutry,2007
5607,Puidoux,5607,Puidoux,2007
5608,Riex,5608,Riex,2007
5609,Rivaz,5609,Rivaz,2007
5610,Saint-Saphorin (Lavaux),5610,Saint-Saphorin (Lavaux),2007
5611,Savigny,5611,Savigny,2007
5612,Villette (Lavaux),5612,Villette (Lavaux),2007
5621,Aclens,5621,Aclens,2007
5622,Bremblens,5622,Bremblens,2007
5623,Buchillon,5623,Buchillon,2007
5624,Bussigny-près-Lausanne,5624,Bussigny-près-Lausanne,2007
5625,Bussy-Chardonney,5625,Bussy-Chardonney,2007
5627,Chavannes-près-Renens,5627,Chavannes-près-Renens,2007
5628,Chigny,5628,Chigny,2007
5629,Clarmont,5629,Clarmont,2007
5630,Colombier (VD),5630,Colombier (VD),2007
5631,Denens,5631,Denens,2007
5632,Denges,5632,Denges,2007
5633,Echandens,5633,Echandens,2007
5634,Echichens,5634,Echichens,2007
5635,Ecublens (VD),5635,Ecublens (VD),2007
5636,Etoy,5636,Etoy,2007
5637,Lavigny,5637,Lavigny,2007
5638,Lonay,5638,Lonay,2007
5639,Lully (VD),5639,Lully (VD),2007
5640,Lussy-sur-Morges,5640,Lussy-sur-Morges,2007
5641,Monnaz,5641,Monnaz,2007
5642,Morges,5642,Morges,2007
5643,Préverenges,5643,Préverenges,2007
5644,Reverolle,5644,Reverolle,2007
5645,Romanel-sur-Morges,5645,Romanel-sur-Morges,2007
5646,Saint-Prex,5646,Saint-Prex,2007
5647,Saint-Saphorin-s-Morges,5647,Saint-Saphorin-s-Morges,2007
5648,Saint-Sulpice (VD),5648,Saint-Sulpice (VD),2007
5649,Tolochenaz,5649,Tolochenaz,2007
5650,Vaux-sur-Morges,5650,Vaux-sur-Morges,2007
5651,Villars-Sainte-Croix,5651,Villars-Sainte-Croix,2007
5652,Villars-sous-Yens,5652,Villars-sous-Yens,2007
5653,Vufflens-le-Château,5653,Vufflens-le-Château,2007
5654,Vullierens,5654,Vullierens,2007
5655,Yens,5655,Yens,2007
5661,Boulens,5661,Boulens,2007
5662,Brenles,5662,Brenles,2007
5663,Bussy-sur-Moudon,5663,Bussy-sur-Moudon,2007
5664,Chapelle-sur-Moudon,5664,Chapelle-sur-Moudon,2007
5665,Chavannes-sur-Moudon,5665,Chavannes-sur-Moudon,2007
5666,Chesalles-sur-Moudon,5666,Chesalles-sur-Moudon,2007
5667,Correvon,5667,Correvon,2007
5668,Cremin,5668,Cremin,2007
5669,Curtilles,5669,Curtilles,2007
5670,Denezy,5670,Denezy,2007
5671,Dompierre (VD),5671,Dompierre (VD),2007
5672,Forel-sur-Lucens,5672,Forel-sur-Lucens,2007
5673,Hermenches,5673,Hermenches,2007
5674,Lovatens,5674,Lovatens,2007
5675,Lucens,5675,Lucens,2007
5676,Martherenges,5676,Martherenges,2007
5677,Montaubion-Chardonney,5677,Montaubion-Chardonney,2007
5678,Moudon,5678,Moudon,2007
5679,Neyruz-sur-Moudon,5679,Neyruz-sur-Moudon,2007
5680,Ogens,5680,Ogens,2007
5681,Oulens-sur-Lucens,5681,Oulens-sur-Lucens,2007
5682,Peyres-Possens,5682,Peyres-Possens,2007
5683,Prévonloup,5683,Prévonloup,2007
5684,Rossenges,5684,Rossenges,2007
5685,Saint-Cierges,5685,Saint-Cierges,2007
5686,Sarzens,5686,Sarzens,2007
5687,Sottens,5687,Sottens,2007
5688,Syens,5688,Syens,2007
5689,Thierrens,5689,Thierrens,2007
5690,Villars-le-Comte,5690,Villars-le-Comte,2007
5691,Villars-Mendraz,5691,Villars-Mendraz,2007
5692,Vucherens,5692,Vucherens,2007
5701,Arnex-sur-Nyon,5701,Arnex-sur-Nyon,2007
5702,Arzier,5702,Arzier,2007
5703,Bassins,5703,Bassins,2007
5704,Begnins,5704,Begnins,2007
5705,Bogis-Bossey,5705,Bogis-Bossey,2007
5706,Borex,5706,Borex,2007
5707,Chavannes-de-Bogis,5707,Chavannes-de-Bogis,2007
5708,Chavannes-des-Bois,5708,Chavannes-des-Bois,2007
5709,Chéserex,5709,Chéserex,2007
5710,Coinsins,5710,Coinsins,2007
5711,Commugny,5711,Commugny,2007
5712,Coppet,5712,Coppet,2007
5713,Crans-près-Céligny,5713,Crans-près-Céligny,2007
5714,Crassier,5714,Crassier,2007
5715,Duillier,5715,Duillier,2007
5716,Eysins,5716,Eysins,2007
5717,Founex,5717,Founex,2007
5718,Genolier,5718,Genolier,2007
5719,Gingins,5719,Gingins,2007
5720,Givrins,5720,Givrins,2007
5721,Gland,5721,Gland,2007
5722,Grens,5722,Grens,2007
5723,Mies,5723,Mies,2007
5724,Nyon,5724,Nyon,2007
5725,Prangins,5725,Prangins,2007
5726,La Rippe,5726,La Rippe,2007
5727,Saint-Cergue,5727,Saint-Cergue,2007
5728,Signy-Avenex,5728,Signy-Avenex,2007
5729,Tannay,5729,Tannay,2007
5730,Trélex,5730,Trélex,2007
5731,Le Vaud,5731,Le Vaud,2007
5732,Vich,5732,Vich,2007
5741,L'Abergement,5741,L'Abergement,2007
5742,Agiez,5742,Agiez,2007
5743,Arnex-sur-Orbe,5743,Arnex-sur-Orbe,2007
5744,Ballaigues,5744,Ballaigues,2007
5745,Baulmes,5745,Baulmes,2007
5746,Bavois,5746,Bavois,2007
5747,Bofflens,5747,Bofflens,2007
5748,Bretonnières,5748,Bretonnières,2007
5749,Chavornay,5749,Chavornay,2007
5750,Les Clées,5750,Les Clées,2007
5751,Corcelles-sur-Chavornay,5751,Corcelles-sur-Chavornay,2007
5752,Croy,5752,Croy,2007
5754,Juriens,5754,Juriens,2007
5755,Lignerolle,5755,Lignerolle,2007
5756,Montcherand,5756,Montcherand,2007
5757,Orbe,5757,Orbe,2007
5758,La Praz,5758,La Praz,2007
5759,Premier,5759,Premier,2007
5760,Rances,5760,Rances,2007
5761,Romainmôtier-Envy,5761,Romainmôtier-Envy,2007
5762,Sergey,5762,Sergey,2007
5763,Valeyres-sous-Rances,5763,Valeyres-sous-Rances,2007
5764,Vallorbe,5764,Vallorbe,2007
5765,Vaulion,5765,Vaulion,2007
5766,Vuiteboeuf,5766,Vuiteboeuf,2007
5781,Bussigny-sur-Oron,5781,Bussigny-sur-Oron,2007
5782,Carrouge (VD),5782,Carrouge (VD),2007
5783,Châtillens,5783,Châtillens,2007
5784,Chesalles-sur-Oron,5784,Chesalles-sur-Oron,2007
5785,Corcelles-le-Jorat,5785,Corcelles-le-Jorat,2007
5786,Les Cullayes,5786,Les Cullayes,2007
5787,Ecoteaux,5787,Ecoteaux,2007
5788,Essertes,5788,Essertes,2007
5789,Ferlens (VD),5789,Ferlens (VD),2007
5790,Maracon,5790,Maracon,2007
5791,Mézières (VD),5791,Mézières (VD),2007
5792,Montpreveyres,5792,Montpreveyres,2007
5793,Oron-la-Ville,5793,Oron-la-Ville,2007
5794,Oron-le-Châtel,5794,Oron-le-Châtel,2007
5795,Palézieux,5795,Palézieux,2007
5796,Peney-le-Jorat,5796,Peney-le-Jorat,2007
5798,Ropraz,5798,Ropraz,2007
5799,Servion,5799,Servion,2007
5800,Les Tavernes,5800,Les Tavernes,2007
5801,Les Thioleyres,5801,Les Thioleyres,2007
5802,Vuibroye,5802,Vuibroye,2007
5803,Vulliens,5803,Vulliens,2007
5811,Cerniaz (VD),5811,Cerniaz (VD),2007
5812,Champtauroz,5812,Champtauroz,2007
5813,Chevroux,5813,Chevroux,2007
5814,Combremont-le-Grand,5814,Combremont-le-Grand,2007
5815,Combremont-le-Petit,5815,Combremont-le-Petit,2007
5816,Corcelles-près-Payerne,5816,Corcelles-près-Payerne,2007
5817,Grandcour,5817,Grandcour,2007
5818,Granges-près-Marnand,5818,Granges-près-Marnand,2007
5819,Henniez,5819,Henniez,2007
5820,Marnand,5820,Marnand,2007
5821,Missy,5821,Missy,2007
5822,Payerne,5822,Payerne,2007
5824,Sassel,5824,Sassel,2007
5826,Seigneux,5826,Seigneux,2007
5827,Trey,5827,Trey,2007
5828,Treytorrens (Payerne),5828,Treytorrens (Payerne),2007
5829,Villars-Bramard,5829,Villars-Bramard,2007
5841,Château-d'Oex,5841,Château-d'Oex,2007
5842,Rossinière,5842,Rossinière,2007
5843,Rougemont,5843,Rougemont,2007
5851,Allaman,5851,Allaman,2007
5852,Bursinel,5852,Bursinel,2007
5853,Bursins,5853,Bursins,2007
5854,Burtigny,5854,Burtigny,2007
5855,Dully,5855,Dully,2007
5856,Essertines-sur-Rolle,5856,Essertines-sur-Rolle,2007
5857,Gilly,5857,Gilly,2007
5858,Luins,5858,Luins,2007
5859,Mont-sur-Rolle,5859,Mont-sur-Rolle,2007
5860,Perroy,5860,Perroy,2007
5861,Rolle,5861,Rolle,2007
5862,Tartegnin,5862,Tartegnin,2007
5863,Vinzel,5863,Vinzel,2007
5871,L'Abbaye,5871,L'Abbaye,2007
5872,Le Chenit,5872,Le Chenit,2007
5873,Le Lieu,5873,Le Lieu,2007
5881,Blonay,5881,Blonay,2007
5882,Chardonne,5882,Chardonne,2007
5883,Corseaux,5883,Corseaux,2007
5884,Corsier-sur-Vevey,5884,Corsier-sur-Vevey,2007
5885,Jongny,5885,Jongny,2007
5886,Montreux,5886,Montreux,2007
5888,Saint-Légier-La Chiésaz,5888,Saint-Légier-La Chiésaz,2007
5889,La Tour-de-Peilz,5889,La Tour-de-Peilz,2007
5890,Vevey,5890,Vevey,2007
5891,Veytaux,5891,Veytaux,2007
5902,Belmont-sur-Yverdon,5902,Belmont-sur-Yverdon,2007
5903,Bioley-Magnoux,5903,Bioley-Magnoux,2007
5904,Chamblon,5904,Chamblon,2007
5905,Champvent,5905,Champvent,2007
5906,Chanéaz,5906,Chanéaz,2007
5907,Chavannes-le-Chêne,5907,Chavannes-le-Chêne,2007
5908,Chêne-Pâquier,5908,Chêne-Pâquier,2007
5909,Cheseaux-Noréaz,5909,Cheseaux-Noréaz,2007
5910,Cronay,5910,Cronay,2007
5911,Cuarny,5911,Cuarny,2007
5912,Démoret,5912,Démoret,2007
5913,Donneloye,5913,Donneloye,2007
5914,Ependes (VD),5914,Ependes (VD),2007
5915,Essert-Pittet,5915,Essert-Pittet,2007
5916,Essert-sous-Champvent,5916,Essert-sous-Champvent,2007
5917,Gossens,5917,Gossens,2007
5918,Gressy,5918,Gressy,2007
5919,Mathod,5919,Mathod,2007
5920,Mézery-près-Donneloye,5920,Mézery-près-Donneloye,2007
5921,Molondin,5921,Molondin,2007
5922,Montagny-près-Yverdon,5922,Montagny-près-Yverdon,2007
5923,Oppens,5923,Oppens,2007
5924,Orges,5924,Orges,2007
5925,Orzens,5925,Orzens,2007
5926,Pomy,5926,Pomy,2007
5927,Prahins,5927,Prahins,2007
5928,Rovray,5928,Rovray,2007
5929,Suchy,5929,Suchy,2007
5930,Suscévaz,5930,Suscévaz,2007
5931,Treycovagnes,5931,Treycovagnes,2007
5932,Ursins,5932,Ursins,2007
5933,Valeyres-sous-Montagny,5933,Valeyres-sous-Montagny,2007
5934,Valeyres-sous-Ursins,5934,Valeyres-sous-Ursins,2007
5935,Villars-Epeney,5935,Villars-Epeney,2007
5936,Villars-sous-Champvent,5936,Villars-sous-Champvent,2007
5937,Vugelles-La Mothe,5937,Vugelles-La Mothe,2007
5938,Yverdon-les-Bains,5938,Yverdon-les-Bains,2007
5939,Yvonand,5939,Yvonand,2007
5031,Aquila,5049,Blenio,2007
5032,Campo (Blenio),5049,Blenio,2007
5036,Ghirone,5049,Blenio,2007
5043,Olivone,5049,Blenio,2007
5047,Torre,5049,Blenio,2007
5303,Bignasco,5310,Cevio,2007
5308,Cavergno,5310,Cevio,2007
5310,Cevio,5310,Cevio,2007
4323,Zurzach,4323,Bad Zurzach,2007
327,Gutenburg,332,Madiswil,2007
332,Madiswil,332,Madiswil,2007
749,Studen,749,Studen (BE),2007
926,Forst,948,Forst-Längenbühl,2007
933,Längenbühl,948,Forst-Längenbühl,2007
1032,Hohenrain,1032,Hohenrain,2007
1034,Lieli,1032,Hohenrain,2007
3335,Jona,3340,Rapperswil-Jona,2007
3336,Rapperswil (SG),3340,Rapperswil-Jona,2007
3892,St. Antönien Ascharina,3893,St. Antönien,2007
3893,St. Antönien,3893,St. Antönien,2007
6288,Saas Almagell,6288,Saas-Almagell,2007
6289,Saas Balen,6289,Saas-Balen,2007
6290,Saas Fee,6290,Saas-Fee,2007
6291,Saas Grund,6291,Saas-Grund,2007
979,Herzogenbuchsee,979,Herzogenbuchsee,2008
984,Oberönz,979,Herzogenbuchsee,2008
3702,Ausserferrera,3713,Ferrera,2008
3706,Innerferrera,3713,Ferrera,2008
3928,Pagig,3931,St. Peter-Pagig,2008
3930,St. Peter,3931,St. Peter-Pagig,2008
3944,Says,3945,Trimmis,2008
3945,Trimmis,3945,Trimmis,2008
5913,Donneloye,5913,Donneloye,2008
5917,Gossens,5913,Donneloye,2008
5920,Mézery-près-Donneloye,5913,Donneloye,2008
5104,Cugnasco,5138,Cugnasco-Gerra,2009
5107,Gerra (Verzasca),5138,Cugnasco-Gerra,2009
5147,Barbengo,5192,Lugano,2009
5168,Carabbia,5192,Lugano,2009
5192,Lugano,5192,Lugano,2009
5235,Villa Luganese,5192,Lugano,2009
5150,Bidogno,5226,Capriasca,2009
5177,Corticiasca,5226,Capriasca,2009
5191,Lugaggia,5226,Capriasca,2009
5226,Capriasca,5226,Capriasca,2009
5392,C'za Bid./Capri./Cortic.,5226,Capriasca,2009
5393,C'za Capriasca/Lugagg.,5226,Capriasca,2009
5394,C'za Corticiasca/Valc.,5394,C'za Capriasca/Valco.,2009
5151,Bioggio,5151,Bioggio,2009
5188,Iseo,5151,Bioggio,2009
5302,Avegno,5324,Avegno Gordevio,2009
5314,Gordevio,5324,Avegno Gordevio,2009
879,Riggisberg,879,Riggisberg,2009
882,Rüti bei Riggisberg,879,Riggisberg,2009
977,Heimenhausen,977,Heimenhausen,2009
986,Röthenbach b. Herzogenb.,977,Heimenhausen,2009
994,Wanzwil,977,Heimenhausen,2009
1027,Gelfingen,1030,Hitzkirch,2009
1028,Hämikon,1030,Hitzkirch,2009
1030,Hitzkirch,1030,Hitzkirch,2009
1035,Mosen,1030,Hitzkirch,2009
1036,Müswangen,1030,Hitzkirch,2009
1038,Retschwil,1030,Hitzkirch,2009
1042,Sulz (LU),1030,Hitzkirch,2009
1081,Beromünster,1081,Beromünster,2009
1087,Gunzwil,1081,Beromünster,2009
1104,Triengen,1104,Triengen,2009
1106,Winikon,1104,Triengen,2009
2911,Altdorf (SH),2920,Thayngen,2009
2913,Bibern (SH),2920,Thayngen,2009
2916,Hofen,2920,Thayngen,2009
2918,Opfertshofen (SH),2920,Thayngen,2009
2920,Thayngen,2920,Thayngen,2009
2934,Hemmental,2939,Schaffhausen,2009
2939,Schaffhausen,2939,Schaffhausen,2009
3371,Brunnadern,3378,Neckertal,2009
3376,St. Peterzell,3378,Neckertal,2009
3406,Mogelsberg,3378,Neckertal,2009
3523,Wiesen (GR),3851,Davos,2009
3851,Davos,3851,Davos,2009
3573,Flond,3617,Mundaun,2009
3600,Surcuolm,3617,Mundaun,2009
3632,Feldis/Veulden,3671,Tomils,2009
3639,Scheid,3671,Tomils,2009
3641,Trans,3671,Tomils,2009
3642,Tumegl/Tomils,3671,Tomils,2009
3701,Andeer,3701,Andeer,2009
3704,Clugin,3701,Andeer,2009
3710,Pignia,3701,Andeer,2009
3841,Fuldera,3847,Val Müstair,2009
3842,Lü,3847,Val Müstair,2009
3843,Müstair,3847,Val Müstair,2009
3844,Sta. Maria Val Müstair,3847,Val Müstair,2009
3845,Tschierv,3847,Val Müstair,2009
3846,Valchava,3847,Val Müstair,2009
3914,Praden,3932,Tschiertschen-Praden,2009
3915,Tschiertschen,3932,Tschiertschen-Praden,2009
5511,Assens,5511,Assens,2009
5526,Malapalud,5511,Assens,2009
6065,Obergesteln,6076,Obergoms,2009
6066,Oberwald,6076,Obergoms,2009
6071,Ulrichen,6076,Obergoms,2009
6103,Bratsch,6118,Gampel-Bratsch,2009
6107,Gampel,6118,Gampel-Bratsch,2009
6174,Filet,6203,Mörel-Filet,2009
6179,Mörel,6203,Mörel-Filet,2009
6196,Hohtenn,6204,Steg-Hohtenn,2009
6200,Steg,6204,Steg-Hohtenn,2009
6231,Ayer,6252,Anniviers,2009
6233,Chandolin,6252,Anniviers,2009
6237,Grimentz,6252,Anniviers,2009
6245,Saint-Jean,6252,Anniviers,2009
6247,Saint-Luc,6252,Anniviers,2009
6251,Vissoie,6252,Anniviers,2009
6457,Marin-Epagnier,6461,La Tène,2009
6460,Thielle-Wavre,6461,La Tène,2009
6501,Les Bayards,6512,Val-de-Travers,2009
6502,Boveresse,6512,Val-de-Travers,2009
6503,Buttes,6512,Val-de-Travers,2009
6505,Couvet,6512,Val-de-Travers,2009
6506,Fleurier,6512,Val-de-Travers,2009
6507,Môtiers (NE),6512,Val-de-Travers,2009
6508,Noiraigue,6512,Val-de-Travers,2009
6509,Saint-Sulpice (NE),6512,Val-de-Travers,2009
6510,Travers,6512,Val-de-Travers,2009
6746,Epauvillers,6808,Clos du Doubs,2009
6747,Epiquerez,6808,Clos du Doubs,2009
6795,Montenol,6808,Clos du Doubs,2009
6797,Montmelon,6808,Clos du Doubs,2009
6798,Ocourt,6808,Clos du Doubs,2009
6804,Saint-Ursanne,6808,Clos du Doubs,2009
6805,Seleute,6808,Clos du Doubs,2009
6749,Goumois,6757,Saignelégier,2009
6756,Les Pommerats,6757,Saignelégier,2009
6757,Saignelégier,6757,Saignelégier,2009
6751,Montfaucon,6751,Montfaucon,2009
6752,Montfavergier,6751,Montfaucon,2009
6753,Muriaux,6753,Muriaux,2009
6755,Le Peuchapatte,6753,Muriaux,2009
6772,Asuel,6810,La Baroche,2009
6779,Charmoille,6810,La Baroche,2009
6791,Fregiécourt,6810,La Baroche,2009
6794,Miécourt,6810,La Baroche,2009
6799,Pleujouse,6810,La Baroche,2009
6777,Buix,6807,Basse-Allaine,2009
6786,Courtemaîche,6807,Basse-Allaine,2009
6796,Montignez,6807,Basse-Allaine,2009
6780,Chevenez,6809,Haute-Ajoie,2009
6788,Damvant,6809,Haute-Ajoie,2009
6801,Réclère,6809,Haute-Ajoie,2009
6802,Roche-d'Or,6809,Haute-Ajoie,2009
5241,Arzo,5254,Mendrisio,2010
5247,Capolago,5254,Mendrisio,2010
5252,Genestrerio,5254,Mendrisio,2010
5254,Mendrisio,5254,Mendrisio,2010
5262,Rancate,5254,Mendrisio,2010
5267,Tremona,5254,Mendrisio,2010
5094,Borgnone,5397,Centovalli,2010
5111,Intragna,5397,Centovalli,2010
5122,Palagnedra,5397,Centovalli,2010
5244,Bruzella,5269,Breggia,2010
5245,Cabbio,5269,Breggia,2010
5246,Caneggio,5269,Breggia,2010
5258,Morbio Superiore,5269,Breggia,2010
5259,Muggio,5269,Breggia,2010
5264,Sagno,5269,Breggia,2010
329,Langenthal,329,Langenthal,2010
343,Untersteckholz,329,Langenthal,2010
531,Ballmoos,540,Jegenstorf,2010
540,Jegenstorf,540,Jegenstorf,2010
601,Aeschlen,619,Oberdiessbach,2010
619,Oberdiessbach,619,Oberdiessbach,2010
752,Tüscherz-Alfermée,756,Twann-Tüscherz,2010
753,Twann,756,Twann-Tüscherz,2010
431,Corgémont,431,Corgémont,2010
432,Cormoret,432,Cormoret,2010
433,Cortébert,433,Cortébert,2010
434,Courtelary,434,Courtelary,2010
435,La Ferrière,435,La Ferrière,2010
436,La Heutte,436,La Heutte,2010
437,Mont-Tramelan,437,Mont-Tramelan,2010
438,Orvin,438,Orvin,2010
439,Péry,439,Péry,2010
440,Plagne,440,Plagne,2010
441,Renan (BE),441,Renan (BE),2010
442,Romont (BE),442,Romont (BE),2010
443,Saint-Imier,443,Saint-Imier,2010
444,Sonceboz-Sombeval,444,Sonceboz-Sombeval,2010
445,Sonvilier,445,Sonvilier,2010
446,Tramelan,446,Tramelan,2010
447,Vauffelin,447,Vauffelin,2010
448,Villeret,448,Villeret,2010
681,Belprahon,681,Belprahon,2010
682,Bévilard,682,Bévilard,2010
683,Champoz,683,Champoz,2010
684,Châtelat,684,Châtelat,2010
687,Corcelles (BE),687,Corcelles (BE),2010
690,Court,690,Court,2010
691,Crémines,691,Crémines,2010
692,Eschert,692,Eschert,2010
694,Grandval,694,Grandval,2010
696,Loveresse,696,Loveresse,2010
697,Malleray,697,Malleray,2010
699,Monible,699,Monible,2010
700,Moutier,700,Moutier,2010
701,Perrefitte,701,Perrefitte,2010
702,Pontenet,702,Pontenet,2010
703,Reconvilier,703,Reconvilier,2010
704,Roches (BE),704,Roches (BE),2010
706,Saicourt,706,Saicourt,2010
707,Saules (BE),707,Saules (BE),2010
708,Schelten,708,Schelten,2010
709,Seehof,709,Seehof,2010
710,Sornetan,710,Sornetan,2010
711,Sorvilier,711,Sorvilier,2010
712,Souboz,712,Souboz,2010
713,Tavannes,713,Tavannes,2010
715,Rebévelier,715,Rebévelier,2010
721,Diesse,721,Diesse,2010
722,Lamboing,722,Lamboing,2010
723,La Neuveville,723,La Neuveville,2010
724,Nods,724,Nods,2010
725,Prêles,725,Prêles,2010
371,Biel/Bienne,371,Biel/Bienne,2010
372,Evilard,372,Evilard,2010
387,Lengnau (BE),387,Lengnau (BE),2010
390,Meinisberg,390,Meinisberg,2010
392,Pieterlen,392,Pieterlen,2010
731,Aegerten,731,Aegerten,2010
732,Bellmund,732,Bellmund,2010
733,Brügg,733,Brügg,2010
739,Ipsach,739,Ipsach,2010
740,Ligerz,740,Ligerz,2010
742,Mörigen,742,Mörigen,2010
743,Nidau,743,Nidau,2010
744,Orpund,744,Orpund,2010
745,Port,745,Port,2010
746,Safnern,746,Safnern,2010
747,Scheuren,747,Scheuren,2010
748,Schwadernau,748,Schwadernau,2010
750,Sutz-Lattrigen,750,Sutz-Lattrigen,2010
301,Aarberg,301,Aarberg,2010
302,Bargen (BE),302,Bargen (BE),2010
303,Grossaffoltern,303,Grossaffoltern,2010
304,Kallnach,304,Kallnach,2010
305,Kappelen,305,Kappelen,2010
306,Lyss,306,Lyss,2010
308,Niederried bei Kallnach,308,Niederried bei Kallnach,2010
309,Radelfingen,309,Radelfingen,2010
310,Rapperswil (BE),310,Rapperswil (BE),2010
311,Schüpfen,311,Schüpfen,2010
312,Seedorf (BE),312,Seedorf (BE),2010
381,Arch,381,Arch,2010
382,Büetigen,382,Büetigen,2010
383,Büren an der Aare,383,Büren an der Aare,2010
384,Busswil bei Büren,384,Busswil bei Büren,2010
385,Diessbach bei Büren,385,Diessbach bei Büren,2010
386,Dotzigen,386,Dotzigen,2010
388,Leuzigen,388,Leuzigen,2010
389,Meienried,389,Meienried,2010
391,Oberwil bei Büren,391,Oberwil bei Büren,2010
393,Rüti bei Büren,393,Rüti bei Büren,2010
394,Wengi,394,Wengi,2010
491,Brüttelen,491,Brüttelen,2010
492,Erlach,492,Erlach,2010
493,Finsterhennen,493,Finsterhennen,2010
494,Gals,494,Gals,2010
495,Gampelen,495,Gampelen,2010
496,Ins,496,Ins,2010
497,Lüscherz,497,Lüscherz,2010
498,Müntschemier,498,Müntschemier,2010
499,Siselen,499,Siselen,2010
500,Treiten,500,Treiten,2010
501,Tschugg,501,Tschugg,2010
502,Vinelz,502,Vinelz,2010
532,Bangerten,532,Bangerten,2010
548,Ruppoldsried,548,Ruppoldsried,2010
734,Bühl,734,Bühl,2010
735,Epsach,735,Epsach,2010
736,Hagneck,736,Hagneck,2010
737,Hermrigen,737,Hermrigen,2010
738,Jens,738,Jens,2010
741,Merzligen,741,Merzligen,2010
749,Studen (BE),749,Studen (BE),2010
751,Täuffelen,751,Täuffelen,2010
754,Walperswil,754,Walperswil,2010
755,Worben,755,Worben,2010
321,Aarwangen,321,Aarwangen,2010
322,Auswil,322,Auswil,2010
323,Bannwil,323,Bannwil,2010
324,Bleienbach,324,Bleienbach,2010
325,Busswil bei Melchnau,325,Busswil bei Melchnau,2010
326,Gondiswil,326,Gondiswil,2010
328,Kleindietwil,328,Kleindietwil,2010
330,Leimiswil,330,Leimiswil,2010
331,Lotzwil,331,Lotzwil,2010
332,Madiswil,332,Madiswil,2010
333,Melchnau,333,Melchnau,2010
334,Obersteckholz,334,Obersteckholz,2010
335,Oeschenbach,335,Oeschenbach,2010
336,Reisiswil,336,Reisiswil,2010
337,Roggwil (BE),337,Roggwil (BE),2010
338,Rohrbach,338,Rohrbach,2010
339,Rohrbachgraben,339,Rohrbachgraben,2010
340,Rütschelen,340,Rütschelen,2010
341,Schwarzhäusern,341,Schwarzhäusern,2010
342,Thunstetten,342,Thunstetten,2010
344,Ursenbach,344,Ursenbach,2010
345,Wynau,345,Wynau,2010
953,Eriswil,953,Eriswil,2010
954,Huttwil,954,Huttwil,2010
959,Walterswil (BE),959,Walterswil (BE),2010
960,Wyssachen,960,Wyssachen,2010
971,Attiswil,971,Attiswil,2010
972,Berken,972,Berken,2010
973,Bettenhausen,973,Bettenhausen,2010
974,Bollodingen,974,Bollodingen,2010
975,Farnern,975,Farnern,2010
976,Graben,976,Graben,2010
977,Heimenhausen,977,Heimenhausen,2010
978,Hermiswil,978,Hermiswil,2010
979,Herzogenbuchsee,979,Herzogenbuchsee,2010
980,Inkwil,980,Inkwil,2010
981,Niederbipp,981,Niederbipp,2010
982,Niederönz,982,Niederönz,2010
983,Oberbipp,983,Oberbipp,2010
985,Ochlenberg,985,Ochlenberg,2010
987,Rumisberg,987,Rumisberg,2010
988,Seeberg,988,Seeberg,2010
989,Thörigen,989,Thörigen,2010
990,Walliswil bei Niederbipp,990,Walliswil bei Niederbipp,2010
991,Walliswil bei Wangen,991,Walliswil bei Wangen,2010
992,Wangen an der Aare,992,Wangen an der Aare,2010
993,Wangenried,993,Wangenried,2010
995,Wiedlisbach,995,Wiedlisbach,2010
996,Wolfisberg,996,Wolfisberg,2010
401,Aefligen,401,Aefligen,2010
402,Alchenstorf,402,Alchenstorf,2010
404,Burgdorf,404,Burgdorf,2010
405,Ersigen,405,Ersigen,2010
406,Hasle bei Burgdorf,406,Hasle bei Burgdorf,2010
407,Heimiswil,407,Heimiswil,2010
408,Hellsau,408,Hellsau,2010
409,Hindelbank,409,Hindelbank,2010
410,Höchstetten,410,Höchstetten,2010
411,Kernenried,411,Kernenried,2010
412,Kirchberg (BE),412,Kirchberg (BE),2010
413,Koppigen,413,Koppigen,2010
414,Krauchthal,414,Krauchthal,2010
415,Lyssach,415,Lyssach,2010
416,Mötschwil,416,Mötschwil,2010
417,Niederösch,417,Niederösch,2010
418,Oberburg,418,Oberburg,2010
419,Oberösch,419,Oberösch,2010
420,Rüdtligen-Alchenflüh,420,Rüdtligen-Alchenflüh,2010
421,Rumendingen,421,Rumendingen,2010
422,Rüti bei Lyssach,422,Rüti bei Lyssach,2010
423,Willadingen,423,Willadingen,2010
424,Wynigen,424,Wynigen,2010
533,Bätterkinden,533,Bätterkinden,2010
552,Utzenstorf,552,Utzenstorf,2010
554,Wiler bei Utzenstorf,554,Wiler bei Utzenstorf,2010
556,Zielebach,556,Zielebach,2010
901,Eggiwil,901,Eggiwil,2010
902,Langnau im Emmental,902,Langnau im Emmental,2010
903,Lauperswil,903,Lauperswil,2010
904,Röthenbach im Emmental,904,Röthenbach im Emmental,2010
905,Rüderswil,905,Rüderswil,2010
906,Schangnau,906,Schangnau,2010
907,Signau,907,Signau,2010
908,Trub,908,Trub,2010
909,Trubschachen,909,Trubschachen,2010
951,Affoltern im Emmental,951,Affoltern im Emmental,2010
952,Dürrenroth,952,Dürrenroth,2010
955,Lützelflüh,955,Lützelflüh,2010
956,Rüegsau,956,Rüegsau,2010
957,Sumiswald,957,Sumiswald,2010
958,Trachselwald,958,Trachselwald,2010
307,Meikirch,307,Meikirch,2010
351,Bern,351,Bern,2010
352,Bolligen,352,Bolligen,2010
353,Bremgarten bei Bern,353,Bremgarten bei Bern,2010
354,Kirchlindach,354,Kirchlindach,2010
355,Köniz,355,Köniz,2010
356,Muri bei Bern,356,Muri bei Bern,2010
357,Oberbalm,357,Oberbalm,2010
358,Stettlen,358,Stettlen,2010
359,Vechigen,359,Vechigen,2010
360,Wohlen bei Bern,360,Wohlen bei Bern,2010
361,Zollikofen,361,Zollikofen,2010
362,Ittigen,362,Ittigen,2010
363,Ostermundigen,363,Ostermundigen,2010
403,Bäriswil,403,Bäriswil,2010
534,Büren zum Hof,534,Büren zum Hof,2010
535,Deisswil b. Münchenbuch.,535,Deisswil b. Münchenbuch.,2010
536,Diemerswil,536,Diemerswil,2010
537,Etzelkofen,537,Etzelkofen,2010
538,Fraubrunnen,538,Fraubrunnen,2010
539,Grafenried,539,Grafenried,2010
541,Iffwil,541,Iffwil,2010
542,Limpach,542,Limpach,2010
543,Mattstetten,543,Mattstetten,2010
544,Moosseedorf,544,Moosseedorf,2010
545,Mülchi,545,Mülchi,2010
546,Münchenbuchsee,546,Münchenbuchsee,2010
547,Münchringen,547,Münchringen,2010
549,Schalunen,549,Schalunen,2010
550,Scheunen,550,Scheunen,2010
551,Urtenen-Schönbühl,551,Urtenen-Schönbühl,2010
553,Wiggiswil,553,Wiggiswil,2010
555,Zauggenried,555,Zauggenried,2010
557,Zuzwil (BE),557,Zuzwil (BE),2010
602,Arni (BE),602,Arni (BE),2010
603,Biglen,603,Biglen,2010
604,Bleiken b. Oberdiessbach,604,Bleiken b. Oberdiessbach,2010
605,Bowil,605,Bowil,2010
606,Brenzikofen,606,Brenzikofen,2010
607,Freimettigen,607,Freimettigen,2010
608,Grosshöchstetten,608,Grosshöchstetten,2010
609,Häutligen,609,Häutligen,2010
610,Herbligen,610,Herbligen,2010
611,Kiesen,611,Kiesen,2010
612,Konolfingen,612,Konolfingen,2010
613,Landiswil,613,Landiswil,2010
614,Linden,614,Linden,2010
615,Mirchel,615,Mirchel,2010
616,Münsingen,616,Münsingen,2010
617,Niederhünigen,617,Niederhünigen,2010
620,Oberthal,620,Oberthal,2010
622,Oppligen,622,Oppligen,2010
623,Rubigen,623,Rubigen,2010
624,Schlosswil,624,Schlosswil,2010
625,Tägertschi,625,Tägertschi,2010
626,Walkringen,626,Walkringen,2010
627,Worb,627,Worb,2010
628,Zäziwil,628,Zäziwil,2010
629,Oberhünigen,629,Oberhünigen,2010
630,Allmendingen,630,Allmendingen,2010
631,Trimstein,631,Trimstein,2010
632,Wichtrach,632,Wichtrach,2010
661,Clavaleyres,661,Clavaleyres,2010
662,Ferenbalm,662,Ferenbalm,2010
663,Frauenkappelen,663,Frauenkappelen,2010
664,Golaten,664,Golaten,2010
665,Gurbrü,665,Gurbrü,2010
666,Kriechenwil,666,Kriechenwil,2010
667,Laupen,667,Laupen,2010
668,Mühleberg,668,Mühleberg,2010
669,Münchenwiler,669,Münchenwiler,2010
670,Neuenegg,670,Neuenegg,2010
671,Wileroltigen,671,Wileroltigen,2010
851,Albligen,851,Albligen,2010
852,Guggisberg,852,Guggisberg,2010
853,Rüschegg,853,Rüschegg,2010
854,Wahlern,854,Wahlern,2010
861,Belp,861,Belp,2010
862,Belpberg,862,Belpberg,2010
865,Gelterfingen,865,Gelterfingen,2010
866,Gerzensee,866,Gerzensee,2010
868,Jaberg,868,Jaberg,2010
869,Kaufdorf,869,Kaufdorf,2010
870,Kehrsatz,870,Kehrsatz,2010
872,Kirchdorf (BE),872,Kirchdorf (BE),2010
873,Kirchenthurnen,873,Kirchenthurnen,2010
874,Lohnstorf,874,Lohnstorf,2010
875,Mühledorf (BE),875,Mühledorf (BE),2010
876,Mühlethurnen,876,Mühlethurnen,2010
877,Niedermuhlern,877,Niedermuhlern,2010
878,Noflen,878,Noflen,2010
879,Riggisberg,879,Riggisberg,2010
880,Rüeggisberg,880,Rüeggisberg,2010
881,Rümligen,881,Rümligen,2010
884,Toffen,884,Toffen,2010
888,Wald (BE),888,Wald (BE),2010
764,Niederstocken,764,Niederstocken,2010
765,Oberstocken,765,Oberstocken,2010
767,Reutigen,767,Reutigen,2010
863,Burgistein,863,Burgistein,2010
867,Gurzelen,867,Gurzelen,2010
871,Kienersrüti,871,Kienersrüti,2010
883,Seftigen,883,Seftigen,2010
885,Uttigen,885,Uttigen,2010
886,Wattenwil,886,Wattenwil,2010
921,Amsoldingen,921,Amsoldingen,2010
922,Blumenstein,922,Blumenstein,2010
923,Buchholterberg,923,Buchholterberg,2010
924,Eriz,924,Eriz,2010
925,Fahrni,925,Fahrni,2010
927,Heiligenschwendi,927,Heiligenschwendi,2010
928,Heimberg,928,Heimberg,2010
929,Hilterfingen,929,Hilterfingen,2010
930,Höfen,930,Höfen,2010
931,Homberg,931,Homberg,2010
932,Horrenbach-Buchen,932,Horrenbach-Buchen,2010
934,Oberhofen am Thunersee,934,Oberhofen am Thunersee,2010
935,Oberlangenegg,935,Oberlangenegg,2010
936,Pohlern,936,Pohlern,2010
937,Schwendibach,937,Schwendibach,2010
938,Sigriswil,938,Sigriswil,2010
939,Steffisburg,939,Steffisburg,2010
940,Teuffenthal (BE),940,Teuffenthal (BE),2010
941,Thierachern,941,Thierachern,2010
942,Thun,942,Thun,2010
943,Uebeschi,943,Uebeschi,2010
944,Uetendorf,944,Uetendorf,2010
945,Unterlangenegg,945,Unterlangenegg,2010
946,Wachseldorn,946,Wachseldorn,2010
947,Zwieselberg,947,Zwieselberg,2010
948,Forst-Längenbühl,948,Forst-Längenbühl,2010
791,Boltigen,791,Boltigen,2010
792,Lenk,792,Lenk,2010
793,St. Stephan,793,St. Stephan,2010
794,Zweisimmen,794,Zweisimmen,2010
841,Gsteig,841,Gsteig,2010
842,Lauenen,842,Lauenen,2010
843,Saanen,843,Saanen,2010
561,Adelboden,561,Adelboden,2010
562,Aeschi bei Spiez,562,Aeschi bei Spiez,2010
563,Frutigen,563,Frutigen,2010
564,Kandergrund,564,Kandergrund,2010
565,Kandersteg,565,Kandersteg,2010
566,Krattigen,566,Krattigen,2010
567,Reichenbach im Kandertal,567,Reichenbach im Kandertal,2010
761,Därstetten,761,Därstetten,2010
762,Diemtigen,762,Diemtigen,2010
763,Erlenbach im Simmental,763,Erlenbach im Simmental,2010
766,Oberwil im Simmental,766,Oberwil im Simmental,2010
768,Spiez,768,Spiez,2010
769,Wimmis,769,Wimmis,2010
571,Beatenberg,571,Beatenberg,2010
572,Bönigen,572,Bönigen,2010
573,Brienz (BE),573,Brienz (BE),2010
574,Brienzwiler,574,Brienzwiler,2010
575,Därligen,575,Därligen,2010
576,Grindelwald,576,Grindelwald,2010
577,Gsteigwiler,577,Gsteigwiler,2010
578,Gündlischwand,578,Gündlischwand,2010
579,Habkern,579,Habkern,2010
580,Hofstetten bei Brienz,580,Hofstetten bei Brienz,2010
581,Interlaken,581,Interlaken,2010
582,Iseltwald,582,Iseltwald,2010
584,Lauterbrunnen,584,Lauterbrunnen,2010
585,Leissigen,585,Leissigen,2010
586,Lütschental,586,Lütschental,2010
587,Matten bei Interlaken,587,Matten bei Interlaken,2010
588,Niederried b. Interlaken,588,Niederried b. Interlaken,2010
589,Oberried am Brienzersee,589,Oberried am Brienzersee,2010
590,Ringgenberg (BE),590,Ringgenberg (BE),2010
591,Saxeten,591,Saxeten,2010
592,Schwanden bei Brienz,592,Schwanden bei Brienz,2010
593,Unterseen,593,Unterseen,2010
594,Wilderswil,594,Wilderswil,2010
781,Gadmen,781,Gadmen,2010
782,Guttannen,782,Guttannen,2010
783,Hasliberg,783,Hasliberg,2010
784,Innertkirchen,784,Innertkirchen,2010
785,Meiringen,785,Meiringen,2010
786,Schattenhalb,786,Schattenhalb,2010
1060,Littau,1061,Luzern,2010
1061,Luzern,1061,Luzern,2010
2443,Balm bei Messen,2457,Messen,2010
2447,Brunnenthal,2457,Messen,2010
2457,Messen,2457,Messen,2010
2460,Oberramsern,2457,Messen,2010
3351,Alt St. Johann,3359,Wildhaus-Alt St. Johann,2010
3357,Wildhaus,3359,Wildhaus-Alt St. Johann,2010
3661,Cazis,3661,Cazis,2010
3664,Portein,3661,Cazis,2010
3665,Präz,3661,Cazis,2010
3666,Sarn,3661,Cazis,2010
3667,Tartar,3661,Cazis,2010
3771,Bondo,3792,Bregaglia,2010
3773,Castasegna,3792,Bregaglia,2010
3774,Soglio,3792,Bregaglia,2010
3775,Stampa,3792,Bregaglia,2010
3776,Vicosoprano,3792,Bregaglia,2010
3911,Churwalden,3911,Churwalden,2010
3912,Malix,3911,Churwalden,2010
3913,Parpan,3911,Churwalden,2010
4001,Aarau,4001,Aarau,2010
4011,Rohr (AG),4001,Aarau,2010
4070,Hilfikon,4080,Villmergen,2010
4080,Villmergen,4080,Villmergen,2010
4095,Brugg,4095,Brugg,2010
4118,Umiken,4095,Brugg,2010
4101,Hottwil,4184,Mettauertal,2010
4162,Etzgen,4184,Mettauertal,2010
4171,Mettau,4184,Mettauertal,2010
4174,Oberhofen (AG),4184,Mettauertal,2010
4180,Wil (AG),4184,Mettauertal,2010
4168,Ittenthal,4169,Kaisten,2010
4169,Kaisten,4169,Kaisten,2010
4170,Laufenburg,4170,Laufenburg,2010
4178,Sulz (AG),4170,Laufenburg,2010
5098,Caviano,5398,Gambarogno,2011
5101,Contone,5398,Gambarogno,2011
5106,Gerra (Gambarogno),5398,Gambarogno,2011
5110,Indemini,5398,Gambarogno,2011
5116,Magadino,5398,Gambarogno,2011
5123,Piazzogna,5398,Gambarogno,2011
5127,San Nazzaro,5398,Gambarogno,2011
5128,Sant'Abbondio,5398,Gambarogno,2011
5134,Vira (Gambarogno),5398,Gambarogno,2011
5011,Medeglia,5238,Monteceneri,2011
5153,Bironico,5238,Monteceneri,2011
5165,Camignolo,5238,Monteceneri,2011
5217,Rivera,5238,Monteceneri,2011
5223,Sigirino,5238,Monteceneri,2011
5391,C'za Medeglia/Cadenazzo,5391,C'za Cadenazzo/Montecen.,2011
306,Lyss,306,Lyss,2011
384,Busswil bei Büren,306,Lyss,2011
328,Kleindietwil,332,Madiswil,2011
330,Leimiswil,332,Madiswil,2011
332,Madiswil,332,Madiswil,2011
851,Albligen,855,Schwarzenburg,2011
854,Wahlern,855,Schwarzenburg,2011
973,Bettenhausen,973,Bettenhausen,2011
974,Bollodingen,973,Bettenhausen,2011
1601,Betschwanden,1631,Glarus Süd,2011
1603,Braunwald,1631,Glarus Süd,2011
1605,Elm,1631,Glarus Süd,2011
1606,Engi,1631,Glarus Süd,2011
1610,Haslen,1631,Glarus Süd,2011
1613,Linthal,1631,Glarus Süd,2011
1614,Luchsingen,1631,Glarus Süd,2011
1615,Matt,1631,Glarus Süd,2011
1616,Mitlödi,1631,Glarus Süd,2011
1626,Rüti (GL),1631,Glarus Süd,2011
1627,Schwanden (GL),1631,Glarus Süd,2011
1628,Schwändi,1631,Glarus Süd,2011
1629,Sool,1631,Glarus Süd,2011
1602,Bilten,1630,Glarus Nord,2011
1608,Filzbach,1630,Glarus Nord,2011
1617,Mollis,1630,Glarus Nord,2011
1618,Mühlehorn,1630,Glarus Nord,2011
1619,Näfels,1630,Glarus Nord,2011
1622,Niederurnen,1630,Glarus Nord,2011
1623,Oberurnen,1630,Glarus Nord,2011
1624,Obstalden,1630,Glarus Nord,2011
1607,Ennenda,1632,Glarus,2011
1609,Glarus,1632,Glarus,2011
1620,Netstal,1632,Glarus,2011
1625,Riedern,1632,Glarus,2011
2129,Corbières,2129,Corbières,2011
2159,Villarvolard,2129,Corbières,2011
2552,Niederwil (SO),2554,Riedholz,2011
2554,Riedholz,2554,Riedholz,2011
3961,Grüsch,3961,Grüsch,2011
3971,Fanas,3961,Grüsch,2011
3973,Valzeina,3961,Grüsch,2011
4401,Arbon,4401,Arbon,2011
4406,Dozwil,4406,Dozwil,2011
4411,Egnach,4411,Egnach,2011
4416,Hefenhofen,4416,Hefenhofen,2011
4421,Horn,4421,Horn,2011
4426,Kesswil,4426,Kesswil,2011
4431,Roggwil (TG),4431,Roggwil (TG),2011
4436,Romanshorn,4436,Romanshorn,2011
4441,Salmsach,4441,Salmsach,2011
4446,Sommeri,4446,Sommeri,2011
4451,Uttwil,4451,Uttwil,2011
4461,Amriswil,4461,Amriswil,2011
4536,Basadingen-Schlattingen,4536,Basadingen-Schlattingen,2011
4545,Diessenhofen,4545,Diessenhofen,2011
4546,Schlatt (TG),4546,Schlatt (TG),2011
4561,Felben-Wellhausen,4561,Felben-Wellhausen,2011
4566,Frauenfeld,4566,Frauenfeld,2011
4571,Gachnang,4571,Gachnang,2011
4590,Hüttlingen,4590,Hüttlingen,2011
4591,Matzingen,4591,Matzingen,2011
4601,Neunforn,4601,Neunforn,2011
4606,Stettfurt,4606,Stettfurt,2011
4611,Thundorf,4611,Thundorf,2011
4616,Uesslingen-Buch,4616,Uesslingen-Buch,2011
4621,Warth-Weiningen,4621,Warth-Weiningen,2011
4801,Berlingen,4801,Berlingen,2011
4806,Eschenz,4806,Eschenz,2011
4811,Herdern,4811,Herdern,2011
4816,Homburg,4816,Homburg,2011
4821,Hüttwilen,4821,Hüttwilen,2011
4826,Mammern,4826,Mammern,2011
4831,Müllheim,4831,Müllheim,2011
4841,Pfyn,4841,Pfyn,2011
4864,Steckborn,4864,Steckborn,2011
4871,Wagenhausen,4871,Wagenhausen,2011
4641,Altnau,4641,Altnau,2011
4643,Bottighofen,4643,Bottighofen,2011
4646,Ermatingen,4646,Ermatingen,2011
4651,Gottlieben,4651,Gottlieben,2011
4656,Güttingen,4656,Güttingen,2011
4666,Kemmental,4666,Kemmental,2011
4671,Kreuzlingen,4671,Kreuzlingen,2011
4681,Langrickenbach,4681,Langrickenbach,2011
4683,Lengwil,4683,Lengwil,2011
4691,Münsterlingen,4691,Münsterlingen,2011
4696,Tägerwilen,4696,Tägerwilen,2011
4701,Wäldi,4701,Wäldi,2011
4846,Raperswilen,4846,Raperswilen,2011
4851,Salenstein,4851,Salenstein,2011
4551,Aadorf,4551,Aadorf,2011
4716,Bettwiesen,4716,Bettwiesen,2011
4721,Bichelsee-Balterswil,4721,Bichelsee-Balterswil,2011
4723,Braunau,4723,Braunau,2011
4724,Eschlikon,4724,Eschlikon,2011
4726,Fischingen,4726,Fischingen,2011
4741,Lommis,4741,Lommis,2011
4746,Münchwilen (TG),4746,Münchwilen (TG),2011
4751,Rickenbach (TG),4751,Rickenbach (TG),2011
4761,Sirnach,4761,Sirnach,2011
4776,Tobel-Tägerschen,4776,Tobel-Tägerschen,2011
4781,Wängi,4781,Wängi,2011
4786,Wilen (TG),4786,Wilen (TG),2011
4471,Bischofszell,4471,Bischofszell,2011
4476,Erlen,4476,Erlen,2011
4486,Hauptwil-Gottshaus,4486,Hauptwil-Gottshaus,2011
4495,Hohentannen,4495,Hohentannen,2011
4501,Kradolf-Schönenberg,4501,Kradolf-Schönenberg,2011
4506,Sulgen,4506,Sulgen,2011
4511,Zihlschlacht-Sitterdorf,4511,Zihlschlacht-Sitterdorf,2011
4711,Affeltrangen,4711,Affeltrangen,2011
4756,Schönholzerswilen,4756,Schönholzerswilen,2011
4791,Wuppenau,4791,Wuppenau,2011
4881,Amlikon-Bissegg,4881,Amlikon-Bissegg,2011
4891,Berg (TG),4891,Berg (TG),2011
4901,Birwinken,4901,Birwinken,2011
4911,Bürglen (TG),4911,Bürglen (TG),2011
4921,Bussnang,4921,Bussnang,2011
4941,Märstetten,4941,Märstetten,2011
4946,Weinfelden,4946,Weinfelden,2011
4951,Wigoltingen,4951,Wigoltingen,2011
6085,Mase,6090,Mont-Noble,2011
6086,Nax,6090,Mont-Noble,2011
6088,Vernamiège,6090,Mont-Noble,2011
5422,Aubonne,5422,Aubonne,2012
5433,Pizy,5422,Aubonne,2012
5451,Avenches,5451,Avenches,2012
5461,Oleyres,5451,Avenches,2012
5452,Bellerive (VD),5464,Vully-les-Lacs,2012
5453,Chabrey,5464,Vully-les-Lacs,2012
5455,Constantine,5464,Vully-les-Lacs,2012
5459,Montmagny,5464,Vully-les-Lacs,2012
5460,Mur (VD),5464,Vully-les-Lacs,2012
5462,Vallamand,5464,Vully-les-Lacs,2012
5463,Villars-le-Grand,5464,Vully-les-Lacs,2012
5517,Dommartin,5540,Montilliez,2012
5528,Naz,5540,Montilliez,2012
5532,Poliez-le-Grand,5540,Montilliez,2012
5536,Sugnens,5540,Montilliez,2012
5519,Eclagnens,5541,Goumoëns,2012
5524,Goumoens-la-Ville,5541,Goumoëns,2012
5525,Goumoens-le-Jux,5541,Goumoëns,2012
5538,Villars-Tiercelin,5804,Jorat-Menthue,2012
5677,Montaubion-Chardonney,5804,Jorat-Menthue,2012
5687,Sottens,5804,Jorat-Menthue,2012
5691,Villars-Mendraz,5804,Jorat-Menthue,2012
5796,Peney-le-Jorat,5804,Jorat-Menthue,2012
5558,Fontanezier,5571,Tévenon,2012
5567,Romairon,5571,Tévenon,2012
5569,Vaugondry,5571,Tévenon,2012
5570,Villars-Burquin,5571,Tévenon,2012
5602,Cully,5613,Bourg-en-Lavaux,2012
5603,Epesses,5613,Bourg-en-Lavaux,2012
5605,Grandvaux,5613,Bourg-en-Lavaux,2012
5608,Riex,5613,Bourg-en-Lavaux,2012
5612,Villette (Lavaux),5613,Bourg-en-Lavaux,2012
5630,Colombier (VD),5634,Echichens,2012
5634,Echichens,5634,Echichens,2012
5641,Monnaz,5634,Echichens,2012
5647,Saint-Saphorin-s-Morges,5634,Echichens,2012
5675,Lucens,5675,Lucens,2012
5681,Oulens-sur-Lucens,5675,Lucens,2012
5811,Cerniaz (VD),5831,Valbroye,2012
5814,Combremont-le-Grand,5831,Valbroye,2012
5815,Combremont-le-Petit,5831,Valbroye,2012
5818,Granges-près-Marnand,5831,Valbroye,2012
5820,Marnand,5831,Valbroye,2012
5824,Sassel,5831,Valbroye,2012
5826,Seigneux,5831,Valbroye,2012
5829,Villars-Bramard,5831,Valbroye,2012
5918,Gressy,5938,Yverdon-les-Bains,2012
5938,Yverdon-les-Bains,5938,Yverdon-les-Bains,2012
861,Belp,861,Belp,2012
862,Belpberg,861,Belp,2012
2015,Estavayer-le-Lac,2015,Estavayer-le-Lac,2012
2017,Font,2015,Estavayer-le-Lac,2012
2102,Ursy,2102,Ursy,2012
2112,Vuarmarens,2102,Ursy,2012
2511,Aeschi (SO),2511,Aeschi (SO),2012
2531,Steinhof,2511,Aeschi (SO),2012
3942,Igis,3955,Landquart,2012
3943,Mastrils,3955,Landquart,2012
3984,Schlans,3987,Trun,2012
3987,Trun,3987,Trun,2012
4225,Benzenschwil,4234,Merenschwand,2012
4234,Merenschwand,4234,Merenschwand,2012
5781,Bussigny-sur-Oron,5805,Oron,2012
5783,Châtillens,5805,Oron,2012
5784,Chesalles-sur-Oron,5805,Oron,2012
5787,Ecoteaux,5805,Oron,2012
5793,Oron-la-Ville,5805,Oron,2012
5794,Oron-le-Châtel,5805,Oron,2012
5795,Palézieux,5805,Oron,2012
5800,Les Tavernes,5805,Oron,2012
5801,Les Thioleyres,5805,Oron,2012
5802,Vuibroye,5805,Oron,2012
5786,Les Cullayes,5799,Servion,2012
5799,Servion,5799,Servion,2012
5905,Champvent,5905,Champvent,2012
5916,Essert-sous-Champvent,5905,Champvent,2012
5936,Villars-sous-Champvent,5905,Champvent,2012
5913,Donneloye,5913,Donneloye,2012
5927,Prahins,5913,Donneloye,2012
5040,Ludiano,5050,Serravalle,2013
5041,Malvaglia,5050,Serravalle,2013
5046,Semione,5050,Serravalle,2013
5062,Anzonico,5072,Faido,2013
5066,Calpiogna,5072,Faido,2013
5067,Campello,5072,Faido,2013
5068,Cavagnago,5072,Faido,2013
5070,Chironico,5072,Faido,2013
5072,Faido,5072,Faido,2013
5074,Mairengo,5072,Faido,2013
5075,Osco,5072,Faido,2013
5169,Carabietta,5236,Collina d'Oro,2013
5236,Collina d'Oro,5236,Collina d'Oro,2013
24,Buch am Irchel,24,Buch am Irchel,2013
223,Neftenbach,223,Neftenbach,2013
304,Kallnach,304,Kallnach,2013
308,Niederried bei Kallnach,304,Kallnach,2013
310,Rapperswil (BE),310,Rapperswil (BE),2013
548,Ruppoldsried,310,Rapperswil (BE),2013
616,Münsingen,616,Münsingen,2013
631,Trimstein,616,Münsingen,2013
1003,Escholzmatt,1010,Escholzmatt-Marbach,2013
1006,Marbach (LU),1010,Escholzmatt-Marbach,2013
1081,Beromünster,1081,Beromünster,2013
1092,Neudorf,1081,Beromünster,2013
1096,Pfeffikon,1097,Rickenbach (LU),2013
1097,Rickenbach (LU),1097,Rickenbach (LU),2013
1138,Ohmstal,1143,Schötz,2013
1143,Schötz,1143,Schötz,2013
1061,Luzern,1061,Luzern,2013
1051,Adligenswil,1051,Adligenswil,2013
1052,Buchrain,1052,Buchrain,2013
1053,Dierikon,1053,Dierikon,2013
1054,Ebikon,1054,Ebikon,2013
1055,Gisikon,1055,Gisikon,2013
1056,Greppen,1056,Greppen,2013
1057,Honau,1057,Honau,2013
1058,Horw,1058,Horw,2013
1059,Kriens,1059,Kriens,2013
1062,Malters,1062,Malters,2013
1063,Meggen,1063,Meggen,2013
1064,Meierskappel,1064,Meierskappel,2013
1065,Root,1065,Root,2013
1066,Schwarzenberg,1066,Schwarzenberg,2013
1067,Udligenswil,1067,Udligenswil,2013
1068,Vitznau,1068,Vitznau,2013
1069,Weggis,1069,Weggis,2013
1021,Aesch (LU),1021,Aesch (LU),2013
1022,Altwis,1022,Altwis,2013
1023,Ballwil,1023,Ballwil,2013
1024,Emmen,1024,Emmen,2013
1025,Ermensee,1025,Ermensee,2013
1026,Eschenbach (LU),1026,Eschenbach (LU),2013
1030,Hitzkirch,1030,Hitzkirch,2013
1031,Hochdorf,1031,Hochdorf,2013
1032,Hohenrain,1032,Hohenrain,2013
1033,Inwil,1033,Inwil,2013
1037,Rain,1037,Rain,2013
1039,Römerswil,1039,Römerswil,2013
1040,Rothenburg,1040,Rothenburg,2013
1041,Schongau,1041,Schongau,2013
1082,Büron,1082,Büron,2013
1083,Buttisholz,1083,Buttisholz,2013
1084,Eich,1084,Eich,2013
1085,Geuensee,1085,Geuensee,2013
1086,Grosswangen,1086,Grosswangen,2013
1088,Hildisrieden,1088,Hildisrieden,2013
1089,Knutwil,1089,Knutwil,2013
1091,Mauensee,1091,Mauensee,2013
1093,Neuenkirch,1093,Neuenkirch,2013
1094,Nottwil,1094,Nottwil,2013
1095,Oberkirch,1095,Oberkirch,2013
1098,Ruswil,1098,Ruswil,2013
1099,Schenkon,1099,Schenkon,2013
1100,Schlierbach,1100,Schlierbach,2013
1102,Sempach,1102,Sempach,2013
1103,Sursee,1103,Sursee,2013
1104,Triengen,1104,Triengen,2013
1121,Alberswil,1121,Alberswil,2013
1122,Altbüron,1122,Altbüron,2013
1123,Altishofen,1123,Altishofen,2013
1125,Dagmersellen,1125,Dagmersellen,2013
1126,Ebersecken,1126,Ebersecken,2013
1127,Egolzwil,1127,Egolzwil,2013
1128,Ettiswil,1128,Ettiswil,2013
1129,Fischbach,1129,Fischbach,2013
1130,Gettnau,1130,Gettnau,2013
1131,Grossdietwil,1131,Grossdietwil,2013
1132,Hergiswil bei Willisau,1132,Hergiswil bei Willisau,2013
1135,Luthern,1135,Luthern,2013
1136,Menznau,1136,Menznau,2013
1137,Nebikon,1137,Nebikon,2013
1139,Pfaffnau,1139,Pfaffnau,2013
1140,Reiden,1140,Reiden,2013
1142,Roggliswil,1142,Roggliswil,2013
1145,Ufhusen,1145,Ufhusen,2013
1146,Wauwil,1146,Wauwil,2013
1147,Wikon,1147,Wikon,2013
1150,Zell (LU),1150,Zell (LU),2013
1151,Willisau,1151,Willisau,2013
1001,Doppleschwand,1001,Doppleschwand,2013
1002,Entlebuch,1002,Entlebuch,2013
1004,Flühli,1004,Flühli,2013
1005,Hasle (LU),1005,Hasle (LU),2013
1007,Romoos,1007,Romoos,2013
1008,Schüpfheim,1008,Schüpfheim,2013
1009,Werthenstein,1009,Werthenstein,2013
1107,Wolhusen,1107,Wolhusen,2013
2244,Büchslen,2275,Murten,2013
2275,Murten,2275,Murten,2013
2454,Lüsslingen,2464,Lüsslingen-Nennigkofen,2013
2459,Nennigkofen,2464,Lüsslingen-Nennigkofen,2013
2521,Heinrichswil-Winistorf,2535,Drei Höfe,2013
2522,Hersiwil,2535,Drei Höfe,2013
2902,Guntmadingen,2932,Beringen,2013
2932,Beringen,2932,Beringen,2013
3314,Rieden,3341,Gommiswald,2013
3331,Ernetschwil,3341,Gommiswald,2013
3334,Gommiswald,3341,Gommiswald,2013
3332,Eschenbach (SG),3342,Eschenbach (SG),2013
3333,Goldingen,3342,Eschenbach (SG),2013
3337,St. Gallenkappel,3342,Eschenbach (SG),2013
3356,Stein (SG),3360,Nesslau,2013
3358,Nesslau-Krummenau,3360,Nesslau,2013
3373,Krinau,3379,Wattwil,2013
3377,Wattwil,3379,Wattwil,2013
3391,Bütschwil,3395,Bütschwil-Ganterschwil,2013
3403,Ganterschwil,3395,Bütschwil-Ganterschwil,2013
3421,Bronschhofen,3427,Wil (SG),2013
3425,Wil (SG),3427,Wil (SG),2013
3586,Valendas,3672,Safiental,2013
3587,Versam,3672,Safiental,2013
3651,Safien,3672,Safiental,2013
3652,Tenna,3672,Safiental,2013
3592,Cumbel,3618,Lumnezia,2013
3594,Degen,3618,Lumnezia,2013
3595,Lumbrein,3618,Lumnezia,2013
3596,Morissen,3618,Lumnezia,2013
3599,Suraua,3618,Lumnezia,2013
3604,Vignogn,3618,Lumnezia,2013
3605,Vella,3618,Lumnezia,2013
3606,Vrin,3618,Lumnezia,2013
3751,Ramosch,3764,Valsot,2013
3753,Tschlin,3764,Valsot,2013
3921,Arosa,3921,Arosa,2013
3922,Calfreisen,3921,Arosa,2013
3923,Castiel,3921,Arosa,2013
3924,Langwies,3921,Arosa,2013
3925,Lüen,3921,Arosa,2013
3927,Molinis,3921,Arosa,2013
3929,Peist,3921,Arosa,2013
3931,St. Peter-Pagig,3921,Arosa,2013
4098,Gallenkirch,4124,Bözberg,2013
4103,Linn,4124,Bözberg,2013
4108,Oberbözberg,4124,Bözberg,2013
4119,Unterbözberg,4124,Bözberg,2013
5664,Chapelle-sur-Moudon,5693,Montanaire,2013
5667,Correvon,5693,Montanaire,2013
5670,Denezy,5693,Montanaire,2013
5676,Martherenges,5693,Montanaire,2013
5679,Neyruz-sur-Moudon,5693,Montanaire,2013
5682,Peyres-Possens,5693,Montanaire,2013
5685,Saint-Cierges,5693,Montanaire,2013
5689,Thierrens,5693,Montanaire,2013
5906,Chanéaz,5693,Montanaire,2013
6001,Birgisch,6007,Naters,2013
6006,Mund,6007,Naters,2013
6007,Naters,6007,Naters,2013
6105,Erschmatt,6110,Leuk,2013
6110,Leuk,6110,Leuk,2013
6114,Turtmann,6119,Turtmann-Unterems,2013
6115,Unterems,6119,Turtmann-Unterems,2013
6216,Mex (VS),6217,Saint-Maurice,2013
6217,Saint-Maurice,6217,Saint-Maurice,2013
6264,Salins,6266,Sion,2013
6266,Sion,6266,Sion,2013
6401,Auvernier,6416,Milvignes,2013
6403,Bôle,6416,Milvignes,2013
6406,Colombier (NE),6416,Milvignes,2013
6471,Boudevilliers,6487,Val-de-Ruz,2013
6472,Cernier,6487,Val-de-Ruz,2013
6473,Chézard-Saint-Martin,6487,Val-de-Ruz,2013
6474,Coffrane,6487,Val-de-Ruz,2013
6475,Dombresson,6487,Val-de-Ruz,2013
6476,Engollon,6487,Val-de-Ruz,2013
6477,Fenin-Vilars-Saules,6487,Val-de-Ruz,2013
6478,Fontainemelon,6487,Val-de-Ruz,2013
6479,Fontaines (NE),6487,Val-de-Ruz,2013
6480,Les Geneveys-s-Coffrane,6487,Val-de-Ruz,2013
6481,Les Hauts-Geneveys,6487,Val-de-Ruz,2013
6482,Montmollin,6487,Val-de-Ruz,2013
6483,Le Pâquier (NE),6487,Val-de-Ruz,2013
6484,Savagnier,6487,Val-de-Ruz,2013
6486,Villiers,6487,Val-de-Ruz,2013
6701,Bassecourt,6729,Haute-Sorne,2013
6707,Courfaivre,6729,Haute-Sorne,2013
6714,Glovelier,6729,Haute-Sorne,2013
6723,Soulce,6729,Haute-Sorne,2013
6725,Undervelier,6729,Haute-Sorne,2013
6717,Montsevelier,6730,Val Terbi,2013
6726,Vermes,6730,Val Terbi,2013
6727,Vicques,6730,Val Terbi,2013
6776,Bressaucourt,6790,Fontenais,2013
6790,Fontenais,6790,Fontenais,2013
5099,Cavigliano,5396,Terre di Pedemonte,2014
5130,Tegna,5396,Terre di Pedemonte,2014
5133,Verscio,5396,Terre di Pedemonte,2014
5155,Bogno,5192,Lugano,2014
5163,Cadro,5192,Lugano,2014
5170,Carona,5192,Lugano,2014
5173,Certara,5192,Lugano,2014
5174,Cimadera,5192,Lugano,2014
5192,Lugano,5192,Lugano,2014
5224,Sonvico,5192,Lugano,2014
5229,Valcolla,5192,Lugano,2014
5394,C'za Capriasca/Valco.,5394,C'za Capriasca/Lugano,2014
5243,Besazio,5254,Mendrisio,2014
5253,Ligornetto,5254,Mendrisio,2014
5254,Mendrisio,5254,Mendrisio,2014
5255,Meride,5254,Mendrisio,2014
212,Bertschikon,298,Wiesendangen,2014
229,Wiesendangen,298,Wiesendangen,2014
440,Plagne,449,Sauge,2014
447,Vauffelin,449,Sauge,2014
534,Büren zum Hof,538,Fraubrunnen,2014
537,Etzelkofen,538,Fraubrunnen,2014
538,Fraubrunnen,538,Fraubrunnen,2014
539,Grafenried,538,Fraubrunnen,2014
542,Limpach,538,Fraubrunnen,2014
545,Mülchi,538,Fraubrunnen,2014
549,Schalunen,538,Fraubrunnen,2014
555,Zauggenried,538,Fraubrunnen,2014
540,Jegenstorf,540,Jegenstorf,2014
547,Münchringen,540,Jegenstorf,2014
550,Scheunen,540,Jegenstorf,2014
604,Bleiken b. Oberdiessbach,619,Oberdiessbach,2014
619,Oberdiessbach,619,Oberdiessbach,2014
721,Diesse,726,Plateau de Diesse,2014
722,Lamboing,726,Plateau de Diesse,2014
725,Prêles,726,Plateau de Diesse,2014
764,Niederstocken,770,Stocken-Höfen,2014
765,Oberstocken,770,Stocken-Höfen,2014
930,Höfen,770,Stocken-Höfen,2014
781,Gadmen,784,Innertkirchen,2014
784,Innertkirchen,784,Innertkirchen,2014
871,Kienersrüti,885,Uttigen,2014
885,Uttigen,885,Uttigen,2014
2126,Cerniat (FR),2163,Val-de-Charmey,2014
2127,Charmey,2163,Val-de-Charmey,2014
2441,Aetigkofen,2465,Buchegg,2014
2442,Aetingen,2465,Buchegg,2014
2444,Bibern (SO),2465,Buchegg,2014
2446,Brügglen,2465,Buchegg,2014
2449,Gossliwil,2465,Buchegg,2014
2450,Hessigkofen,2465,Buchegg,2014
2452,Küttigkofen,2465,Buchegg,2014
2453,Kyburg-Buchegg,2465,Buchegg,2014
2458,Mühledorf (SO),2465,Buchegg,2014
2462,Tscheppach,2465,Buchegg,2014
3571,Castrisch,3619,Ilanz/Glion,2014
3574,Ilanz,3619,Ilanz/Glion,2014
3576,Ladir,3619,Ilanz/Glion,2014
3577,Luven,3619,Ilanz/Glion,2014
3578,Pitasch,3619,Ilanz/Glion,2014
3579,Riein,3619,Ilanz/Glion,2014
3580,Ruschein,3619,Ilanz/Glion,2014
3583,Schnaus,3619,Ilanz/Glion,2014
3584,Sevgein,3619,Ilanz/Glion,2014
3593,Duvin,3619,Ilanz/Glion,2014
3613,Pigniu,3619,Ilanz/Glion,2014
3614,Rueun,3619,Ilanz/Glion,2014
3615,Siat,3619,Ilanz/Glion,2014
4063,Bremgarten (AG),4063,Bremgarten (AG),2014
4069,Hermetschwil-Staffeln,4063,Bremgarten (AG),2014
4109,Oberflachs,4125,Schinznach,2014
4115,Schinznach-Dorf,4125,Schinznach,2014
4305,Endingen,4305,Endingen,2014
4321,Unterendingen,4305,Endingen,2014
6171,Betten,6205,Bettmeralp,2014
6178,Martisberg,6205,Bettmeralp,2014
5624,Bussigny-près-Lausanne,5624,Bussigny,2015
5702,Arzier,5702,Arzier-Le Muids,2015
171,Bauma,297,Bauma,2015
179,Sternenberg,297,Bauma,2015
436,La Heutte,450,Péry-La Heutte,2015
439,Péry,450,Péry-La Heutte,2015
682,Bévilard,717,Valbirse,2015
697,Malleray,717,Valbirse,2015
702,Pontenet,717,Valbirse,2015
684,Châtelat,716,Petit-Val,2015
699,Monible,716,Petit-Val,2015
710,Sornetan,716,Petit-Val,2015
712,Souboz,716,Petit-Val,2015
1081,Beromünster,1081,Beromünster,2015
1099,Schenkon,1099,Schenkon,2015
3501,Alvaschein,3542,Albula/Alvra,2015
3502,Mon,3542,Albula/Alvra,2015
3504,Stierva,3542,Albula/Alvra,2015
3505,Tiefencastel,3542,Albula/Alvra,2015
3511,Alvaneu,3542,Albula/Alvra,2015
3512,Brienz/Brinzauls,3542,Albula/Alvra,2015
3515,Surava,3542,Albula/Alvra,2015
3598,St. Martin,3603,Vals,2015
3603,Vals,3603,Vals,2015
3631,Almens,3673,Domleschg,2015
3634,Paspels,3673,Domleschg,2015
3635,Pratval,3673,Domleschg,2015
3636,Rodels,3673,Domleschg,2015
3671,Tomils,3673,Domleschg,2015
3741,Ardez,3762,Scuol,2015
3742,Guarda,3762,Scuol,2015
3745,Tarasp,3762,Scuol,2015
3761,Ftan,3762,Scuol,2015
3762,Scuol,3762,Scuol,2015
3763,Sent,3762,Scuol,2015
3743,Lavin,3746,Zernez,2015
3744,Susch,3746,Zernez,2015
3746,Zernez,3746,Zernez,2015
3801,Arvigo,3837,Calanca,2015
3803,Braggio,3837,Calanca,2015
3806,Cauco,3837,Calanca,2015
3811,Selma,3837,Calanca,2015
174,Illnau-Effretikon,296,Illnau-Effretikon,2016
175,Kyburg,296,Illnau-Effretikon,2016
310,Rapperswil (BE),310,Rapperswil (BE),2016
532,Bangerten,310,Rapperswil (BE),2016
405,Ersigen,405,Ersigen,2016
417,Niederösch,405,Ersigen,2016
419,Oberösch,405,Ersigen,2016
978,Hermiswil,988,Seeberg,2016
988,Seeberg,988,Seeberg,2016
2013,Domdidier,2053,Belmont-Broye,2016
2014,Dompierre (FR),2053,Belmont-Broye,2016
2024,Léchelles,2053,Belmont-Broye,2016
2040,Russy,2053,Belmont-Broye,2016
2172,Autafond,2175,Belfaux,2016
2175,Belfaux,2175,Belfaux,2016
2184,Corpataux-Magnedens,2236,Gibloux,2016
2192,Farvagny,2236,Gibloux,2016
2222,Rossens (FR),2236,Gibloux,2016
2223,Le Glèbe,2236,Gibloux,2016
2231,Vuisternens-en-Ogoz,2236,Gibloux,2016
2251,Courlevon,2275,Murten,2016
2264,Jeuss,2275,Murten,2016
2270,Lurtigen,2275,Murten,2016
2275,Murten,2275,Murten,2016
2277,Salvenach,2275,Murten,2016
2280,Bas-Vully,2284,Mont-Vully,2016
2281,Haut-Vully,2284,Mont-Vully,2016
3531,Bivio,3543,Surses,2016
3532,Cunter,3543,Surses,2016
3533,Marmorera,3543,Surses,2016
3534,Mulegns,3543,Surses,2016
3536,Riom-Parsonz,3543,Surses,2016
3538,Salouf,3543,Surses,2016
3539,Savognin,3543,Surses,2016
3540,Sur,3543,Surses,2016
3541,Tinizong-Rona,3543,Surses,2016
3612,Obersaxen,3988,Obersaxen Mundaun,2016
3617,Mundaun,3988,Obersaxen Mundaun,2016
3871,Klosters-Serneus,3871,Klosters-Serneus,2016
3883,Saas,3871,Klosters-Serneus,2016
3891,Luzein,3891,Luzein,2016
3893,St. Antönien,3891,Luzein,2016
6405,Brot-Dessous,6413,Rochefort,2016
6413,Rochefort,6413,Rochefort,2016
5072,Faido,5072,Faido,2017
5081,Sobrio,5072,Faido,2017
5109,Gresso,5136,Onsernone,2017
5119,Mosogno,5136,Onsernone,2017
5132,Vergeletto,5136,Onsernone,2017
5136,Onsernone,5136,Onsernone,2017
5137,Isorno,5136,Onsernone,2017
5782,Carrouge (VD),5806,Jorat-Mézières,2017
5789,Ferlens (VD),5806,Jorat-Mézières,2017
5791,Mézières (VD),5806,Jorat-Mézières,2017
616,Münsingen,616,Münsingen,2017
625,Tägertschi,616,Münsingen,2017
2004,Bussy (FR),2054,Estavayer,2017
2015,Estavayer-le-Lac,2054,Estavayer,2017
2033,Morens (FR),2054,Estavayer,2017
2034,Murist,2054,Estavayer,2017
2039,Rueyres-les-Prés,2054,Estavayer,2017
2049,Vuissens,2054,Estavayer,2017
2052,Vernay,2054,Estavayer,2017
2005,Châbles,2055,Cheyres-Châbles,2017
2010,Cheyres,2055,Cheyres-Châbles,2017
2044,Surpierre,2044,Surpierre,2017
2047,Villeneuve (FR),2044,Surpierre,2017
2179,Chésopelloz,2183,Corminboeuf,2017
2183,Corminboeuf,2183,Corminboeuf,2017
2243,Barberêche,2254,Courtepin,2017
2254,Courtepin,2254,Courtepin,2017
2279,Villarepos,2254,Courtepin,2017
2283,Wallenried,2254,Courtepin,2017
2298,Oberschrot,2299,Plaffeien,2017
2299,Plaffeien,2299,Plaffeien,2017
2310,Zumholz,2299,Plaffeien,2017
3832,Grono,3832,Grono,2017
3833,Leggia,3832,Grono,2017
3836,Verdabbio,3832,Grono,2017
3506,Vaz/Obervaz,3506,Vaz/Obervaz,2017
3513,Lantsch/Lenz,3513,Lantsch/Lenz,2017
3514,Schmitten (GR),3514,Schmitten (GR),2017
3521,Bergün/Bravuogn,3521,Bergün/Bravuogn,2017
3522,Filisur,3522,Filisur,2017
3542,Albula/Alvra,3542,Albula/Alvra,2017
3543,Surses,3543,Surses,2017
3551,Brusio,3551,Brusio,2017
3561,Poschiavo,3561,Poschiavo,2017
3746,Zernez,3746,Zernez,2017
3752,Samnaun,3752,Samnaun,2017
3762,Scuol,3762,Scuol,2017
3764,Valsot,3764,Valsot,2017
3847,Val Müstair,3847,Val Müstair,2017
3721,Bonaduz,3721,Bonaduz,2017
3722,Domat/Ems,3722,Domat/Ems,2017
3723,Rhäzüns,3723,Rhäzüns,2017
3731,Felsberg,3731,Felsberg,2017
3732,Flims,3732,Flims,2017
3733,Tamins,3733,Tamins,2017
3734,Trin,3734,Trin,2017
3945,Trimmis,3945,Trimmis,2017
3946,Untervaz,3946,Untervaz,2017
3947,Zizers,3947,Zizers,2017
3951,Fläsch,3951,Fläsch,2017
3952,Jenins,3952,Jenins,2017
3953,Maienfeld,3953,Maienfeld,2017
3954,Malans,3954,Malans,2017
3955,Landquart,3955,Landquart,2017
3781,Bever,3781,Bever,2017
3782,Celerina/Schlarigna,3782,Celerina/Schlarigna,2017
3783,Madulain,3783,Madulain,2017
3784,Pontresina,3784,Pontresina,2017
3785,La Punt-Chamues-ch,3785,La Punt-Chamues-ch,2017
3786,Samedan,3786,Samedan,2017
3787,St. Moritz,3787,St. Moritz,2017
3788,S-chanf,3788,S-chanf,2017
3789,Sils im Engadin/Segl,3789,Sils im Engadin/Segl,2017
3790,Silvaplana,3790,Silvaplana,2017
3791,Zuoz,3791,Zuoz,2017
3792,Bregaglia,3792,Bregaglia,2017
3804,Buseno,3804,Buseno,2017
3805,Castaneda,3805,Castaneda,2017
3808,Rossa,3808,Rossa,2017
3810,Santa Maria in Calanca,3810,Santa Maria in Calanca,2017
3821,Lostallo,3821,Lostallo,2017
3822,Mesocco,3822,Mesocco,2017
3823,Soazza,3823,Soazza,2017
3831,Cama,3831,Cama,2017
3834,Roveredo (GR),3834,Roveredo (GR),2017
3835,San Vittore,3835,San Vittore,2017
3837,Calanca,3837,Calanca,2017
3901,Chur,3901,Chur,2017
3911,Churwalden,3911,Churwalden,2017
3921,Arosa,3921,Arosa,2017
3926,Maladers,3926,Maladers,2017
3932,Tschiertschen-Praden,3932,Tschiertschen-Praden,2017
3941,Haldenstein,3941,Haldenstein,2017
3851,Davos,3851,Davos,2017
3861,Fideris,3861,Fideris,2017
3862,Furna,3862,Furna,2017
3863,Jenaz,3863,Jenaz,2017
3871,Klosters-Serneus,3871,Klosters-Serneus,2017
3881,Conters im Prättigau,3881,Conters im Prättigau,2017
3882,Küblis,3882,Küblis,2017
3891,Luzein,3891,Luzein,2017
3961,Grüsch,3961,Grüsch,2017
3962,Schiers,3962,Schiers,2017
3972,Seewis im Prättigau,3972,Seewis im Prättigau,2017
3572,Falera,3572,Falera,2017
3575,Laax,3575,Laax,2017
3581,Sagogn,3581,Sagogn,2017
3582,Schluein,3582,Schluein,2017
3603,Vals,3603,Vals,2017
3611,Andiast,3611,Andiast,2017
3616,Waltensburg/Vuorz,3616,Waltensburg/Vuorz,2017
3618,Lumnezia,3618,Lumnezia,2017
3619,Ilanz/Glion,3619,Ilanz/Glion,2017
3672,Safiental,3672,Safiental,2017
3981,Breil/Brigels,3981,Breil/Brigels,2017
3982,Disentis/Mustér,3982,Disentis/Mustér,2017
3983,Medel (Lucmagn),3983,Medel (Lucmagn),2017
3985,Sumvitg,3985,Sumvitg,2017
3986,Tujetsch,3986,Tujetsch,2017
3987,Trun,3987,Trun,2017
3988,Obersaxen Mundaun,3988,Obersaxen Mundaun,2017
3503,Mutten,3503,Mutten,2017
3633,Fürstenau,3633,Fürstenau,2017
3637,Rothenbrunnen,3637,Rothenbrunnen,2017
3638,Scharans,3638,Scharans,2017
3640,Sils im Domleschg,3640,Sils im Domleschg,2017
3661,Cazis,3661,Cazis,2017
3662,Flerden,3662,Flerden,2017
3663,Masein,3663,Masein,2017
3668,Thusis,3668,Thusis,2017
3669,Tschappina,3669,Tschappina,2017
3670,Urmein,3670,Urmein,2017
3673,Domleschg,3673,Domleschg,2017
3681,Avers,3681,Avers,2017
3691,Hinterrhein,3691,Hinterrhein,2017
3693,Nufenen,3693,Nufenen,2017
3694,Splügen,3694,Splügen,2017
3695,Sufers,3695,Sufers,2017
3701,Andeer,3701,Andeer,2017
3703,Casti-Wergenstein,3703,Casti-Wergenstein,2017
3705,Donat,3705,Donat,2017
3707,Lohn (GR),3707,Lohn (GR),2017
3708,Mathon,3708,Mathon,2017
3711,Rongellen,3711,Rongellen,2017
3712,Zillis-Reischen,3712,Zillis-Reischen,2017
3713,Ferrera,3713,Ferrera,2017
5662,Brenles,5675,Lucens,2017
5666,Chesalles-sur-Moudon,5675,Lucens,2017
5668,Cremin,5675,Lucens,2017
5672,Forel-sur-Lucens,5675,Lucens,2017
5675,Lucens,5675,Lucens,2017
5686,Sarzens,5675,Lucens,2017
5749,Chavornay,5749,Chavornay,2017
5751,Corcelles-sur-Chavornay,5749,Chavornay,2017
5915,Essert-Pittet,5749,Chavornay,2017
6055,Blitzingen,6077,Goms,2017
6064,Niederwald,6077,Goms,2017
6073,Grafschaft,6077,Goms,2017
6074,Münster-Geschinen,6077,Goms,2017
6075,Reckingen-Gluringen,6077,Goms,2017
6391,Kom. Reck.-Glu./Grafsch.,6077,Goms,2017
6081,Les Agettes,6266,Sion,2017
6266,Sion,6266,Sion,2017
6234,Chermignon,6253,Crans-Montana,2017
6242,Mollens (VS),6253,Crans-Montana,2017
6243,Montana,6253,Crans-Montana,2017
6244,Randogne,6253,Crans-Montana,2017
5002,Bellinzona,5002,Bellinzona,2018
5004,Camorino,5002,Bellinzona,2018
5005,Giubiasco,5002,Bellinzona,2018
5006,Gnosca,5002,Bellinzona,2018
5007,Gorduno,5002,Bellinzona,2018
5008,Gudo,5002,Bellinzona,2018
5012,Moleno,5002,Bellinzona,2018
5013,Monte Carasso,5002,Bellinzona,2018
5014,Pianezzo,5002,Bellinzona,2018
5015,Preonzo,5002,Bellinzona,2018
5018,Sant'Antonio,5002,Bellinzona,2018
5019,Sementina,5002,Bellinzona,2018
5282,Claro,5002,Bellinzona,2018
5283,Cresciano,5287,Riviera,2018
5284,Iragna,5287,Riviera,2018
5285,Lodrino,5287,Riviera,2018
5286,Osogna,5287,Riviera,2018
132,Hirzel,295,Horgen,2018
133,Horgen,295,Horgen,2018
217,Elgg,294,Elgg,2018
222,Hofstetten (ZH),294,Elgg,2018
608,Grosshöchstetten,608,Grosshöchstetten,2018
624,Schlosswil,608,Grosshöchstetten,2018
865,Gelterfingen,872,Kirchdorf (BE),2018
872,Kirchdorf (BE),872,Kirchdorf (BE),2018
875,Mühledorf (BE),872,Kirchdorf (BE),2018
878,Noflen,872,Kirchdorf (BE),2018
3503,Mutten,3668,Thusis,2018
3668,Thusis,3668,Thusis,2018
3521,Bergün/Bravuogn,3544,Bergün Filisur,2018
3522,Filisur,3544,Bergün Filisur,2018
3611,Andiast,3981,Breil/Brigels,2018
3616,Waltensburg/Vuorz,3981,Breil/Brigels,2018
3981,Breil/Brigels,3981,Breil/Brigels,2018
4104,Lupfig,4104,Lupfig,2018
4113,Scherz,4104,Lupfig,2018
6402,Bevaix,6417,La Grande-Béroche,2018
6409,Fresens,6417,La Grande-Béroche,2018
6410,Gorgier,6417,La Grande-Béroche,2018
6411,Montalchez,6417,La Grande-Béroche,2018
6414,Saint-Aubin-Sauges,6417,La Grande-Béroche,2018
6415,Vaumarcus,6417,La Grande-Béroche,2018
6404,Boudry,6404,Boudry,2018
6407,Corcelles-Cormondrèche,6407,Corcelles-Cormondrèche,2018
6408,Cortaillod,6408,Cortaillod,2018
6412,Peseux,6412,Peseux,2018
6413,Rochefort,6413,Rochefort,2018
6416,Milvignes,6416,Milvignes,2018
6421,La Chaux-de-Fonds,6421,La Chaux-de-Fonds,2018
6422,Les Planchettes,6422,Les Planchettes,2018
6423,La Sagne,6423,La Sagne,2018
6431,Les Brenets,6431,Les Brenets,2018
6432,La Brévine,6432,La Brévine,2018
6433,Brot-Plamboz,6433,Brot-Plamboz,2018
6434,Le Cerneux-Péquignot,6434,Le Cerneux-Péquignot,2018
6435,La Chaux-du-Milieu,6435,La Chaux-du-Milieu,2018
6436,Le Locle,6436,Le Locle,2018
6437,Les Ponts-de-Martel,6437,Les Ponts-de-Martel,2018
6451,Cornaux,6451,Cornaux,2018
6452,Cressier (NE),6452,Cressier (NE),2018
6453,Enges,6453,Enges,2018
6454,Hauterive (NE),6454,Hauterive (NE),2018
6455,Le Landeron,6455,Le Landeron,2018
6456,Lignières,6456,Lignières,2018
6458,Neuchâtel,6458,Neuchâtel,2018
6459,Saint-Blaise,6459,Saint-Blaise,2018
6461,La Tène,6461,La Tène,2018
6485,Valangin,6485,Valangin,2018
6487,Val-de-Ruz,6487,Val-de-Ruz,2018
6504,La Côte-aux-Fées,6504,La Côte-aux-Fées,2018
6511,Les Verrières,6511,Les Verrières,2018
6512,Val-de-Travers,6512,Val-de-Travers,2018
6705,Corban,6730,Val Terbi,2018
6730,Val Terbi,6730,Val Terbi,2018
6803,Rocourt,6809,Haute-Ajoie,2018
6809,Haute-Ajoie,6809,Haute-Ajoie,2018
